Driver,Team,LapNumber,Stint,Compound,TyreLife,LapTime_sec,TrackStatus,AirTemp,TrackTemp,IsPersonalBest
VER,Red Bull Racing,1.0,1.0,SOFT,4.0,99.019,12,27.3,31.1,False
LEC,Ferrari,1.0,1.0,SOFT,1.0,100.23,12,27.3,31.1,False
PER,Red Bull Racing,1.0,1.0,SOFT,4.0,101.063,12,27.3,31.1,False
SAI,Ferrari,1.0,1.0,SOFT,4.0,101.659,12,27.3,31.1,False
HAM,Mercedes,1.0,1.0,SOFT,4.0,102.288,12,27.3,31.1,False
RUS,Mercedes,1.0,1.0,SOFT,4.0,102.662,12,27.3,31.1,False
ALO,Aston Martin,1.0,1.0,SOFT,4.0,103.608,12,27.3,31.1,False
BOT,Alfa Romeo,1.0,1.0,SOFT,1.0,104.154,12,27.3,31.1,False
STR,Aston Martin,1.0,1.0,SOFT,4.0,104.67,12,27.3,31.1,False
NOR,McLaren,1.0,1.0,SOFT,1.0,105.364,12,27.3,31.1,False
OCO,Alpine,1.0,1.0,SOFT,4.0,105.967,12,27.3,31.1,False
ALB,Williams,1.0,1.0,SOFT,1.0,106.453,12,27.3,31.1,False
SAR,Williams,1.0,1.0,SOFT,1.0,106.855,12,27.3,31.1,False
HUL,Haas F1 Team,1.0,1.0,SOFT,4.0,107.339,12,27.3,31.1,False
TSU,AlphaTauri,1.0,1.0,SOFT,1.0,107.791,12,27.3,31.1,False
PIA,McLaren,1.0,1.0,SOFT,1.0,108.214,12,27.3,31.1,False
ZHO,Alfa Romeo,1.0,1.0,SOFT,1.0,108.467,12,27.3,31.1,False
MAG,Haas F1 Team,1.0,1.0,HARD,1.0,109.33,12,27.3,31.1,False
GAS,Alpine,1.0,1.0,SOFT,1.0,109.649,12,27.3,31.1,False
DEV,AlphaTauri,1.0,1.0,SOFT,1.0,109.959,12,27.3,31.1,False
VER,Red Bull Racing,2.0,1.0,SOFT,5.0,97.974,12,27.3,31.1,True
LEC,Ferrari,2.0,1.0,SOFT,2.0,98.75,21,27.3,31.1,True
PER,Red Bull Racing,2.0,1.0,SOFT,5.0,98.862,21,27.3,31.1,True
SAI,Ferrari,2.0,1.0,SOFT,5.0,98.933,21,27.3,31.1,True
HAM,Mercedes,2.0,1.0,SOFT,5.0,99.166,21,27.3,31.1,True
RUS,Mercedes,2.0,1.0,SOFT,5.0,99.59,21,27.3,31.1,True
ALO,Aston Martin,2.0,1.0,SOFT,5.0,99.792,21,27.3,31.1,True
BOT,Alfa Romeo,2.0,1.0,SOFT,2.0,99.956,21,27.3,31.1,True
STR,Aston Martin,2.0,1.0,SOFT,5.0,99.892,21,27.3,31.1,True
NOR,McLaren,2.0,1.0,SOFT,2.0,100.433,21,27.3,31.1,True
OCO,Alpine,2.0,1.0,SOFT,5.0,100.408,21,27.3,31.1,True
ALB,Williams,2.0,1.0,SOFT,2.0,100.43,21,27.3,31.1,True
SAR,Williams,2.0,1.0,SOFT,2.0,100.467,21,27.3,31.1,True
HUL,Haas F1 Team,2.0,1.0,SOFT,5.0,100.72,21,27.3,31.1,True
TSU,AlphaTauri,2.0,1.0,SOFT,2.0,100.837,21,27.3,31.1,True
PIA,McLaren,2.0,1.0,SOFT,2.0,100.83,21,27.3,31.1,True
ZHO,Alfa Romeo,2.0,1.0,SOFT,2.0,101.091,21,27.3,31.1,True
GAS,Alpine,2.0,1.0,SOFT,2.0,100.438,21,27.3,31.1,True
MAG,Haas F1 Team,2.0,1.0,HARD,2.0,101.521,21,27.3,31.1,True
DEV,AlphaTauri,2.0,1.0,SOFT,2.0,101.289,21,27.3,31.1,True
VER,Red Bull Racing,3.0,1.0,SOFT,6.0,98.006,1,27.3,31.2,False
LEC,Ferrari,3.0,1.0,SOFT,3.0,98.658,1,27.3,31.2,True
PER,Red Bull Racing,3.0,1.0,SOFT,6.0,98.83,1,27.3,31.2,True
SAI,Ferrari,3.0,1.0,SOFT,6.0,99.042,1,27.3,31.2,False
HAM,Mercedes,3.0,1.0,SOFT,6.0,99.22,1,27.3,31.2,False
RUS,Mercedes,3.0,1.0,SOFT,6.0,99.093,1,27.3,31.2,True
ALO,Aston Martin,3.0,1.0,SOFT,6.0,99.1,1,27.3,31.2,True
BOT,Alfa Romeo,3.0,1.0,SOFT,3.0,99.397,1,27.3,31.2,True
STR,Aston Martin,3.0,1.0,SOFT,6.0,99.625,1,27.3,31.2,True
NOR,McLaren,3.0,1.0,SOFT,3.0,99.777,1,27.3,31.2,False
OCO,Alpine,3.0,1.0,SOFT,6.0,99.948,1,27.3,31.2,True
ALB,Williams,3.0,1.0,SOFT,3.0,100.143,1,27.3,31.2,True
SAR,Williams,3.0,1.0,SOFT,3.0,100.349,1,27.3,31.2,True
HUL,Haas F1 Team,3.0,1.0,SOFT,6.0,100.484,1,27.3,31.2,True
TSU,AlphaTauri,3.0,1.0,SOFT,3.0,100.243,1,27.3,31.2,True
PIA,McLaren,3.0,1.0,SOFT,3.0,100.691,1,27.3,31.2,True
ZHO,Alfa Romeo,3.0,1.0,SOFT,3.0,100.596,1,27.3,31.2,True
GAS,Alpine,3.0,1.0,SOFT,3.0,100.643,1,27.3,31.2,False
DEV,AlphaTauri,3.0,1.0,SOFT,3.0,100.914,1,27.3,31.2,True
MAG,Haas F1 Team,3.0,1.0,HARD,3.0,101.978,1,27.3,31.2,False
VER,Red Bull Racing,4.0,1.0,SOFT,7.0,97.976,1,27.2,31.1,False
LEC,Ferrari,4.0,1.0,SOFT,4.0,98.825,1,27.2,31.1,False
PER,Red Bull Racing,4.0,1.0,SOFT,7.0,98.758,1,27.2,31.1,True
SAI,Ferrari,4.0,1.0,SOFT,7.0,98.985,1,27.2,31.1,False
HAM,Mercedes,4.0,1.0,SOFT,7.0,99.198,1,27.2,31.0,False
RUS,Mercedes,4.0,1.0,SOFT,7.0,99.261,1,27.2,31.0,False
ALO,Aston Martin,4.0,1.0,SOFT,7.0,99.548,1,27.2,31.0,False
BOT,Alfa Romeo,4.0,1.0,SOFT,4.0,99.823,1,27.2,31.0,False
STR,Aston Martin,4.0,1.0,SOFT,7.0,99.745,1,27.2,31.0,False
OCO,Alpine,4.0,1.0,SOFT,7.0,99.543,1,27.2,31.0,True
ALB,Williams,4.0,1.0,SOFT,4.0,99.761,1,27.2,31.0,True
NOR,McLaren,4.0,1.0,SOFT,4.0,102.267,1,27.2,31.0,False
SAR,Williams,4.0,1.0,SOFT,4.0,100.644,1,27.2,31.0,False
TSU,AlphaTauri,4.0,1.0,SOFT,4.0,99.95,1,27.2,31.0,True
HUL,Haas F1 Team,4.0,1.0,SOFT,7.0,101.004,1,27.2,31.0,False
PIA,McLaren,4.0,1.0,SOFT,4.0,100.718,1,27.2,31.0,False
ZHO,Alfa Romeo,4.0,1.0,SOFT,4.0,100.853,1,27.2,31.0,False
GAS,Alpine,4.0,1.0,SOFT,4.0,100.894,1,27.2,31.0,False
DEV,AlphaTauri,4.0,1.0,SOFT,4.0,100.373,1,27.2,31.0,True
MAG,Haas F1 Team,4.0,1.0,HARD,4.0,100.773,1,27.2,31.0,True
VER,Red Bull Racing,5.0,1.0,SOFT,8.0,98.035,1,27.2,31.0,False
LEC,Ferrari,5.0,1.0,SOFT,5.0,98.664,1,27.2,31.0,False
PER,Red Bull Racing,5.0,1.0,SOFT,8.0,98.404,1,27.2,31.0,True
SAI,Ferrari,5.0,1.0,SOFT,8.0,99.128,1,27.2,31.0,False
HAM,Mercedes,5.0,1.0,SOFT,8.0,99.335,1,27.2,31.0,False
RUS,Mercedes,5.0,1.0,SOFT,8.0,99.549,1,27.2,31.0,False
ALO,Aston Martin,5.0,1.0,SOFT,8.0,99.662,1,27.2,31.0,False
STR,Aston Martin,5.0,1.0,SOFT,8.0,99.144,1,27.2,31.0,True
BOT,Alfa Romeo,5.0,1.0,SOFT,5.0,101.033,1,27.2,31.0,False
OCO,Alpine,5.0,1.0,SOFT,8.0,100.281,1,27.2,31.0,False
ALB,Williams,5.0,1.0,SOFT,5.0,100.606,1,27.2,31.0,False
NOR,McLaren,5.0,1.0,SOFT,5.0,100.664,1,27.2,31.0,False
SAR,Williams,5.0,1.0,SOFT,5.0,100.902,1,27.2,31.0,False
TSU,AlphaTauri,5.0,1.0,SOFT,5.0,101.131,1,27.2,31.0,False
HUL,Haas F1 Team,5.0,1.0,SOFT,8.0,101.002,1,27.2,31.0,False
PIA,McLaren,5.0,1.0,SOFT,5.0,100.862,1,27.2,31.0,False
ZHO,Alfa Romeo,5.0,1.0,SOFT,5.0,100.814,1,27.2,31.0,False
GAS,Alpine,5.0,1.0,SOFT,5.0,100.818,1,27.2,31.0,False
DEV,AlphaTauri,5.0,1.0,SOFT,5.0,100.63,1,27.2,31.0,False
MAG,Haas F1 Team,5.0,1.0,HARD,5.0,101.34,1,27.2,31.0,False
VER,Red Bull Racing,6.0,1.0,SOFT,9.0,97.986,1,27.1,30.9,False
LEC,Ferrari,6.0,1.0,SOFT,6.0,98.572,1,27.1,30.9,True
PER,Red Bull Racing,6.0,1.0,SOFT,9.0,98.718,1,27.1,30.9,False
SAI,Ferrari,6.0,1.0,SOFT,9.0,99.474,1,27.1,30.9,False
HAM,Mercedes,6.0,1.0,SOFT,9.0,99.756,1,27.1,30.9,False
RUS,Mercedes,6.0,1.0,SOFT,9.0,99.493,1,27.1,30.9,False
ALO,Aston Martin,6.0,1.0,SOFT,9.0,99.674,1,27.1,30.9,False
STR,Aston Martin,6.0,1.0,SOFT,9.0,99.714,1,27.1,30.9,False
BOT,Alfa Romeo,6.0,1.0,SOFT,6.0,100.265,1,27.1,30.9,False
OCO,Alpine,6.0,1.0,SOFT,9.0,100.331,1,27.1,30.9,False
ALB,Williams,6.0,1.0,SOFT,6.0,100.744,1,27.1,30.9,False
NOR,McLaren,6.0,1.0,SOFT,6.0,100.814,1,27.1,30.9,False
SAR,Williams,6.0,1.0,SOFT,6.0,100.791,1,27.1,30.9,False
TSU,AlphaTauri,6.0,1.0,SOFT,6.0,100.886,1,27.1,30.9,False
HUL,Haas F1 Team,6.0,1.0,SOFT,9.0,101.002,1,27.1,30.9,False
PIA,McLaren,6.0,1.0,SOFT,6.0,101.111,1,27.1,30.9,False
ZHO,Alfa Romeo,6.0,1.0,SOFT,6.0,101.156,1,27.1,30.9,False
GAS,Alpine,6.0,1.0,SOFT,6.0,101.11,1,27.1,30.9,False
DEV,AlphaTauri,6.0,1.0,SOFT,6.0,101.125,1,27.1,30.9,False
MAG,Haas F1 Team,6.0,1.0,HARD,6.0,101.125,1,27.1,30.9,False
VER,Red Bull Racing,7.0,1.0,SOFT,10.0,98.021,1,27.1,30.9,False
LEC,Ferrari,7.0,1.0,SOFT,7.0,98.691,1,27.1,30.9,False
PER,Red Bull Racing,7.0,1.0,SOFT,10.0,98.804,1,27.1,30.9,False
SAI,Ferrari,7.0,1.0,SOFT,10.0,99.502,1,27.1,30.9,False
HAM,Mercedes,7.0,1.0,SOFT,10.0,99.757,1,27.1,30.9,False
RUS,Mercedes,7.0,1.0,SOFT,10.0,100.056,1,27.1,30.9,False
ALO,Aston Martin,7.0,1.0,SOFT,10.0,99.729,1,27.1,30.9,False
STR,Aston Martin,7.0,1.0,SOFT,10.0,99.945,1,27.1,30.9,False
BOT,Alfa Romeo,7.0,1.0,SOFT,7.0,100.564,1,27.1,30.9,False
OCO,Alpine,7.0,1.0,SOFT,10.0,100.488,1,27.1,30.9,False
ALB,Williams,7.0,1.0,SOFT,7.0,100.646,1,27.1,30.9,False
NOR,McLaren,7.0,1.0,SOFT,7.0,100.726,1,27.1,30.9,False
SAR,Williams,7.0,1.0,SOFT,7.0,100.892,1,27.1,30.9,False
TSU,AlphaTauri,7.0,1.0,SOFT,7.0,100.952,1,27.1,30.9,False
HUL,Haas F1 Team,7.0,1.0,SOFT,10.0,101.148,1,27.1,30.9,False
PIA,McLaren,7.0,1.0,SOFT,7.0,101.167,1,27.1,30.9,False
ZHO,Alfa Romeo,7.0,1.0,SOFT,7.0,101.197,1,27.1,30.9,False
GAS,Alpine,7.0,1.0,SOFT,7.0,101.134,1,27.1,30.9,False
DEV,AlphaTauri,7.0,1.0,SOFT,7.0,101.166,1,27.1,30.9,False
MAG,Haas F1 Team,7.0,1.0,HARD,7.0,101.526,1,27.1,30.9,False
VER,Red Bull Racing,8.0,1.0,SOFT,11.0,98.154,1,27.1,30.9,False
LEC,Ferrari,8.0,1.0,SOFT,8.0,98.614,1,27.1,30.9,False
PER,Red Bull Racing,8.0,1.0,SOFT,11.0,99.172,1,27.1,30.9,False
SAI,Ferrari,8.0,1.0,SOFT,11.0,99.779,1,27.1,30.9,False
HAM,Mercedes,8.0,1.0,SOFT,11.0,100.267,1,27.1,30.9,False
RUS,Mercedes,8.0,1.0,SOFT,11.0,100.31,1,27.1,30.9,False
ALO,Aston Martin,8.0,1.0,SOFT,11.0,99.959,1,27.1,30.9,False
STR,Aston Martin,8.0,1.0,SOFT,11.0,99.801,1,27.1,30.9,False
BOT,Alfa Romeo,8.0,1.0,SOFT,8.0,100.387,1,27.1,30.9,False
OCO,Alpine,8.0,1.0,SOFT,11.0,100.562,1,27.1,30.9,False
ALB,Williams,8.0,1.0,SOFT,8.0,100.918,1,27.1,30.9,False
NOR,McLaren,8.0,1.0,SOFT,8.0,100.857,1,27.1,30.9,False
SAR,Williams,8.0,1.0,SOFT,8.0,100.868,1,27.1,30.9,False
TSU,AlphaTauri,8.0,1.0,SOFT,8.0,100.846,1,27.1,30.9,False
HUL,Haas F1 Team,8.0,1.0,SOFT,11.0,101.249,1,27.1,30.9,False
PIA,McLaren,8.0,1.0,SOFT,8.0,101.295,1,27.1,30.9,False
ZHO,Alfa Romeo,8.0,1.0,SOFT,8.0,101.184,1,27.1,30.9,False
GAS,Alpine,8.0,1.0,SOFT,8.0,101.173,1,27.1,30.9,False
DEV,AlphaTauri,8.0,1.0,SOFT,8.0,101.23,1,27.1,30.9,False
MAG,Haas F1 Team,8.0,1.0,HARD,8.0,101.283,1,27.1,30.9,False
VER,Red Bull Racing,9.0,1.0,SOFT,12.0,98.278,1,27.1,30.8,False
LEC,Ferrari,9.0,1.0,SOFT,9.0,98.828,1,27.1,30.8,False
PER,Red Bull Racing,9.0,1.0,SOFT,12.0,98.914,1,27.1,30.8,False
SAI,Ferrari,9.0,1.0,SOFT,12.0,99.744,1,27.1,30.8,False
HAM,Mercedes,9.0,1.0,SOFT,12.0,100.323,1,27.1,30.8,False
RUS,Mercedes,9.0,1.0,SOFT,12.0,100.42,1,27.1,30.8,False
ALO,Aston Martin,9.0,1.0,SOFT,12.0,100.275,1,27.1,30.8,False
STR,Aston Martin,9.0,1.0,SOFT,12.0,100.106,1,27.1,30.8,False
BOT,Alfa Romeo,9.0,1.0,SOFT,9.0,100.275,1,27.1,30.8,False
OCO,Alpine,9.0,1.0,SOFT,12.0,100.866,1,27.1,30.8,False
ALB,Williams,9.0,1.0,SOFT,9.0,100.969,1,27.1,30.8,False
NOR,McLaren,9.0,1.0,SOFT,9.0,100.783,1,27.1,30.8,False
SAR,Williams,9.0,1.0,SOFT,9.0,100.908,1,27.1,30.8,False
TSU,AlphaTauri,9.0,1.0,SOFT,9.0,101.01,1,27.1,30.8,False
HUL,Haas F1 Team,9.0,1.0,SOFT,12.0,101.615,1,27.1,30.8,False
PIA,McLaren,9.0,1.0,SOFT,9.0,101.534,1,27.1,30.8,False
ZHO,Alfa Romeo,9.0,1.0,SOFT,9.0,101.526,1,27.1,30.8,False
DEV,AlphaTauri,9.0,1.0,SOFT,9.0,101.573,1,27.1,30.8,False
GAS,Alpine,9.0,1.0,SOFT,9.0,104.201,1,27.1,30.8,False
MAG,Haas F1 Team,9.0,1.0,HARD,9.0,101.278,1,27.1,30.8,False
VER,Red Bull Racing,10.0,1.0,SOFT,13.0,98.369,1,27.1,30.8,False
LEC,Ferrari,10.0,1.0,SOFT,10.0,99.073,1,27.1,30.8,False
PER,Red Bull Racing,10.0,1.0,SOFT,13.0,99.085,1,27.1,30.8,False
SAI,Ferrari,10.0,1.0,SOFT,13.0,100.102,1,27.1,30.8,False
HAM,Mercedes,10.0,1.0,SOFT,13.0,100.289,1,27.2,30.6,False
RUS,Mercedes,10.0,1.0,SOFT,13.0,100.532,1,27.2,30.6,False
ALO,Aston Martin,10.0,1.0,SOFT,13.0,100.203,1,27.2,30.6,False
STR,Aston Martin,10.0,1.0,SOFT,13.0,100.192,1,27.2,30.6,False
BOT,Alfa Romeo,10.0,1.0,SOFT,10.0,100.676,1,27.2,30.6,False
OCO,Alpine,10.0,1.0,SOFT,13.0,100.858,1,27.2,30.6,False
ALB,Williams,10.0,1.0,SOFT,10.0,101.119,1,27.2,30.6,False
SAR,Williams,10.0,1.0,SOFT,10.0,101.133,1,27.2,30.6,False
NOR,McLaren,10.0,1.0,SOFT,10.0,103.521,1,27.2,30.6,False
TSU,AlphaTauri,10.0,1.0,SOFT,10.0,103.749,1,27.2,30.6,False
HUL,Haas F1 Team,10.0,1.0,SOFT,13.0,102.252,1,27.2,30.6,False
PIA,McLaren,10.0,1.0,SOFT,10.0,101.584,1,27.2,30.6,False
ZHO,Alfa Romeo,10.0,1.0,SOFT,10.0,101.743,1,27.2,30.6,False
DEV,AlphaTauri,10.0,1.0,SOFT,10.0,101.666,1,27.2,30.6,False
MAG,Haas F1 Team,10.0,1.0,HARD,10.0,101.719,1,27.2,30.6,False
GAS,Alpine,10.0,2.0,HARD,1.0,121.262,1,27.2,30.6,False
VER,Red Bull Racing,11.0,1.0,SOFT,14.0,98.483,1,27.1,30.6,False
LEC,Ferrari,11.0,1.0,SOFT,11.0,99.212,1,27.1,30.6,False
PER,Red Bull Racing,11.0,1.0,SOFT,14.0,99.249,1,27.1,30.6,False
SAI,Ferrari,11.0,1.0,SOFT,14.0,100.507,1,27.1,30.6,False
HAM,Mercedes,11.0,1.0,SOFT,14.0,100.752,1,27.1,30.6,False
RUS,Mercedes,11.0,1.0,SOFT,14.0,101.085,1,27.1,30.6,False
ALO,Aston Martin,11.0,1.0,SOFT,14.0,101.147,1,27.1,30.6,False
STR,Aston Martin,11.0,1.0,SOFT,14.0,100.923,1,27.1,30.6,False
BOT,Alfa Romeo,11.0,1.0,SOFT,11.0,103.269,1,27.1,30.6,False
OCO,Alpine,11.0,1.0,SOFT,14.0,101.035,1,27.1,30.6,False
SAR,Williams,11.0,1.0,SOFT,11.0,101.532,1,27.1,30.6,False
ALB,Williams,11.0,1.0,SOFT,11.0,103.948,1,27.1,30.6,False
PIA,McLaren,11.0,1.0,SOFT,11.0,101.352,1,27.1,30.6,False
ZHO,Alfa Romeo,11.0,1.0,SOFT,11.0,102.108,1,27.1,30.6,False
MAG,Haas F1 Team,11.0,1.0,HARD,11.0,102.049,1,27.1,30.6,False
HUL,Haas F1 Team,11.0,1.0,SOFT,14.0,106.79,1,27.1,30.6,False
DEV,AlphaTauri,11.0,1.0,SOFT,11.0,105.46,1,27.1,30.6,False
TSU,AlphaTauri,11.0,2.0,HARD,1.0,119.843,1,27.1,30.6,False
GAS,Alpine,11.0,2.0,HARD,2.0,98.762,1,27.1,30.6,True
NOR,McLaren,11.0,2.0,HARD,1.0,129.886,1,27.1,30.6,False
VER,Red Bull Racing,12.0,1.0,SOFT,15.0,98.591,1,27.1,30.6,False
LEC,Ferrari,12.0,1.0,SOFT,12.0,99.489,1,27.1,30.5,False
PER,Red Bull Racing,12.0,1.0,SOFT,15.0,99.197,1,27.1,30.5,False
SAI,Ferrari,12.0,1.0,SOFT,15.0,100.52,1,27.1,30.5,False
RUS,Mercedes,12.0,1.0,SOFT,15.0,101.112,1,27.1,30.5,False
ALO,Aston Martin,12.0,1.0,SOFT,15.0,100.934,1,27.1,30.5,False
HAM,Mercedes,12.0,1.0,SOFT,15.0,103.336,1,27.1,30.5,False
STR,Aston Martin,12.0,1.0,SOFT,15.0,101.039,1,27.1,30.5,False
OCO,Alpine,12.0,1.0,SOFT,15.0,103.787,1,27.1,30.5,False
SAR,Williams,12.0,1.0,SOFT,12.0,103.88,1,27.1,30.5,False
PIA,McLaren,12.0,1.0,SOFT,12.0,101.156,1,27.1,30.5,False
ZHO,Alfa Romeo,12.0,1.0,SOFT,12.0,103.87,1,27.1,30.5,False
MAG,Haas F1 Team,12.0,1.0,HARD,12.0,101.345,1,27.1,30.5,False
BOT,Alfa Romeo,12.0,2.0,HARD,1.0,119.45,1,27.1,30.5,False
ALB,Williams,12.0,2.0,SOFT,1.0,119.445,1,27.1,30.5,False
TSU,AlphaTauri,12.0,2.0,HARD,2.0,99.143,1,27.1,30.5,True
GAS,Alpine,12.0,2.0,HARD,3.0,98.928,1,27.1,30.5,False
NOR,McLaren,12.0,2.0,HARD,2.0,99.314,1,27.1,30.5,True
DEV,AlphaTauri,12.0,2.0,HARD,1.0,121.184,1,27.1,30.5,False
HUL,Haas F1 Team,12.0,2.0,HARD,1.0,122.579,1,27.1,30.5,False
VER,Red Bull Racing,13.0,1.0,SOFT,16.0,98.482,1,27.1,30.5,False
PER,Red Bull Racing,13.0,1.0,SOFT,16.0,99.336,1,27.1,30.5,False
LEC,Ferrari,13.0,1.0,SOFT,13.0,102.068,1,27.1,30.5,False
SAI,Ferrari,13.0,1.0,SOFT,16.0,103.31,1,27.1,30.5,False
ALO,Aston Martin,13.0,1.0,SOFT,16.0,100.341,1,27.1,30.5,False
STR,Aston Martin,13.0,1.0,SOFT,16.0,101.12,1,27.1,30.5,False
RUS,Mercedes,13.0,1.0,SOFT,16.0,104.691,1,27.1,30.5,False
HAM,Mercedes,13.0,2.0,HARD,1.0,119.179,1,27.1,30.5,False
MAG,Haas F1 Team,13.0,1.0,HARD,13.0,101.654,1,27.1,30.5,False
BOT,Alfa Romeo,13.0,2.0,HARD,2.0,98.03,1,27.1,30.5,True
ALB,Williams,13.0,2.0,SOFT,2.0,98.649,1,27.1,30.5,True
OCO,Alpine,13.0,2.0,HARD,1.0,120.381,1,27.1,30.5,False
TSU,AlphaTauri,13.0,2.0,HARD,3.0,99.471,1,27.1,30.5,False
GAS,Alpine,13.0,2.0,HARD,4.0,99.349,1,27.1,30.5,False
SAR,Williams,13.0,2.0,SOFT,1.0,120.255,1,27.1,30.5,False
PIA,McLaren,13.0,1.0,SOFT,13.0,122.071,1,27.1,30.5,False
NOR,McLaren,13.0,2.0,HARD,3.0,99.51,1,27.1,30.5,False
DEV,AlphaTauri,13.0,2.0,HARD,2.0,98.924,1,27.1,30.5,True
HUL,Haas F1 Team,13.0,2.0,HARD,2.0,99.406,1,27.1,30.5,True
ZHO,Alfa Romeo,13.0,2.0,HARD,1.0,122.101,1,27.1,30.5,False
VER,Red Bull Racing,14.0,1.0,SOFT,17.0,101.295,1,27.1,30.5,False
PER,Red Bull Racing,14.0,1.0,SOFT,17.0,98.739,1,27.1,30.5,False
STR,Aston Martin,14.0,1.0,SOFT,17.0,100.002,1,27.1,30.5,False
ALO,Aston Martin,14.0,1.0,SOFT,17.0,102.212,1,27.1,30.5,False
LEC,Ferrari,14.0,2.0,HARD,1.0,118.77,1,27.1,30.5,False
SAI,Ferrari,14.0,2.0,HARD,1.0,119.006,1,27.1,30.5,False
HAM,Mercedes,14.0,2.0,HARD,2.0,98.308,1,27.1,30.5,True
BOT,Alfa Romeo,14.0,2.0,HARD,3.0,98.098,1,27.1,30.5,False
MAG,Haas F1 Team,14.0,1.0,HARD,14.0,101.739,1,27.1,30.5,False
RUS,Mercedes,14.0,2.0,HARD,1.0,121.269,1,27.1,30.5,False
ALB,Williams,14.0,2.0,SOFT,3.0,98.472,1,27.1,30.5,True
OCO,Alpine,14.0,2.0,HARD,2.0,98.649,1,27.1,30.5,True
TSU,AlphaTauri,14.0,2.0,HARD,4.0,98.742,1,27.1,30.5,True
GAS,Alpine,14.0,2.0,HARD,5.0,98.859,1,27.1,30.5,False
SAR,Williams,14.0,2.0,SOFT,2.0,98.413,1,27.1,30.5,True
NOR,McLaren,14.0,2.0,HARD,4.0,99.243,1,27.1,30.5,True
DEV,AlphaTauri,14.0,2.0,HARD,3.0,98.829,1,27.1,30.5,True
HUL,Haas F1 Team,14.0,2.0,HARD,3.0,98.847,1,27.1,30.5,True
ZHO,Alfa Romeo,14.0,2.0,HARD,2.0,99.33,1,27.1,30.5,True
PER,Red Bull Racing,15.0,1.0,SOFT,18.0,98.608,1,27.0,30.5,False
VER,Red Bull Racing,15.0,2.0,SOFT,1.0,118.378,1,27.0,30.5,False
LEC,Ferrari,15.0,2.0,HARD,2.0,98.477,1,27.0,30.5,True
STR,Aston Martin,15.0,1.0,SOFT,18.0,102.841,1,27.0,30.5,False
SAI,Ferrari,15.0,2.0,HARD,2.0,97.985,1,27.0,30.5,True
HAM,Mercedes,15.0,2.0,HARD,3.0,98.527,1,27.0,30.5,False
BOT,Alfa Romeo,15.0,2.0,HARD,4.0,98.851,1,27.0,30.5,False
ALO,Aston Martin,15.0,2.0,HARD,1.0,119.692,1,27.0,30.5,False
RUS,Mercedes,15.0,2.0,HARD,2.0,97.46,1,27.0,30.5,True
ALB,Williams,15.0,2.0,SOFT,4.0,99.158,1,27.0,30.5,False
MAG,Haas F1 Team,15.0,1.0,HARD,15.0,104.899,1,27.0,30.5,False
TSU,AlphaTauri,15.0,2.0,HARD,5.0,98.975,1,27.0,30.5,False
OCO,Alpine,15.0,2.0,HARD,3.0,101.863,1,27.0,30.5,False
GAS,Alpine,15.0,2.0,HARD,6.0,98.985,1,27.0,30.5,False
SAR,Williams,15.0,2.0,SOFT,3.0,99.033,1,27.0,30.5,False
NOR,McLaren,15.0,2.0,HARD,5.0,98.87,1,27.0,30.4,False
DEV,AlphaTauri,15.0,2.0,HARD,4.0,98.868,1,27.0,30.4,False
HUL,Haas F1 Team,15.0,2.0,HARD,4.0,98.972,1,27.0,30.4,False
ZHO,Alfa Romeo,15.0,2.0,HARD,3.0,99.229,1,27.0,30.4,True
PER,Red Bull Racing,16.0,1.0,SOFT,19.0,98.77,1,27.0,30.4,False
VER,Red Bull Racing,16.0,2.0,SOFT,2.0,97.801,1,27.0,30.4,True
LEC,Ferrari,16.0,2.0,HARD,3.0,97.953,1,27.0,30.3,True
SAI,Ferrari,16.0,2.0,HARD,3.0,98.433,1,27.0,30.3,False
HAM,Mercedes,16.0,2.0,HARD,4.0,98.617,1,27.0,30.3,False
BOT,Alfa Romeo,16.0,2.0,HARD,5.0,98.494,1,27.0,30.3,False
ALO,Aston Martin,16.0,2.0,HARD,2.0,97.542,1,27.0,30.3,True
RUS,Mercedes,16.0,2.0,HARD,3.0,97.833,1,27.0,30.3,False
STR,Aston Martin,16.0,2.0,HARD,1.0,119.876,1,27.0,30.3,False
ALB,Williams,16.0,2.0,SOFT,5.0,99.253,1,27.0,30.3,False
TSU,AlphaTauri,16.0,2.0,HARD,6.0,99.061,1,27.0,30.3,False
GAS,Alpine,16.0,2.0,HARD,7.0,98.945,1,27.0,30.3,False
SAR,Williams,16.0,2.0,SOFT,4.0,98.988,1,27.0,30.3,False
NOR,McLaren,16.0,2.0,HARD,6.0,98.86,1,27.0,30.3,True
DEV,AlphaTauri,16.0,2.0,HARD,5.0,99.127,1,27.0,30.3,False
HUL,Haas F1 Team,16.0,2.0,HARD,5.0,99.136,1,27.0,30.3,False
ZHO,Alfa Romeo,16.0,2.0,HARD,4.0,98.998,1,27.0,30.3,True
MAG,Haas F1 Team,16.0,2.0,HARD,1.0,120.587,1,27.0,30.3,False
OCO,Alpine,16.0,3.0,HARD,4.0,135.708,1,27.0,30.3,False
PER,Red Bull Racing,17.0,1.0,SOFT,20.0,101.36,1,27.0,30.3,False
VER,Red Bull Racing,17.0,2.0,SOFT,3.0,97.648,1,27.0,30.3,True
LEC,Ferrari,17.0,2.0,HARD,4.0,98.031,1,27.0,30.3,False
SAI,Ferrari,17.0,2.0,HARD,4.0,98.161,1,27.0,30.3,False
HAM,Mercedes,17.0,2.0,HARD,5.0,98.704,1,27.0,30.3,False
ALO,Aston Martin,17.0,2.0,HARD,3.0,98.139,1,27.0,30.3,False
BOT,Alfa Romeo,17.0,2.0,HARD,6.0,99.973,1,27.0,30.3,False
RUS,Mercedes,17.0,2.0,HARD,4.0,98.604,1,27.0,30.3,False
STR,Aston Martin,17.0,2.0,HARD,2.0,97.507,1,27.0,30.3,True
ALB,Williams,17.0,2.0,SOFT,6.0,99.094,1,27.0,30.3,False
TSU,AlphaTauri,17.0,2.0,HARD,7.0,99.021,1,27.0,30.3,False
GAS,Alpine,17.0,2.0,HARD,8.0,99.011,1,27.0,30.3,False
SAR,Williams,17.0,2.0,SOFT,5.0,99.439,1,27.0,30.3,False
DEV,AlphaTauri,17.0,2.0,HARD,6.0,98.996,1,27.0,30.3,False
NOR,McLaren,17.0,2.0,HARD,7.0,101.501,1,27.0,30.3,False
HUL,Haas F1 Team,17.0,2.0,HARD,6.0,99.396,1,27.0,30.3,False
ZHO,Alfa Romeo,17.0,2.0,HARD,5.0,99.143,1,27.0,30.3,False
MAG,Haas F1 Team,17.0,2.0,HARD,2.0,98.319,1,27.0,30.3,True
OCO,Alpine,17.0,3.0,HARD,5.0,98.78,1,27.0,30.3,False
VER,Red Bull Racing,18.0,2.0,SOFT,4.0,97.614,1,26.9,30.3,True
LEC,Ferrari,18.0,2.0,HARD,5.0,97.798,1,26.9,30.3,True
PER,Red Bull Racing,18.0,2.0,SOFT,3.0,118.797,1,26.9,30.3,False
SAI,Ferrari,18.0,2.0,HARD,5.0,98.287,1,26.9,30.3,False
HAM,Mercedes,18.0,2.0,HARD,6.0,98.69,1,26.9,30.3,False
ALO,Aston Martin,18.0,2.0,HARD,4.0,98.124,1,26.9,30.3,False
RUS,Mercedes,18.0,2.0,HARD,5.0,98.427,1,26.9,30.3,False
BOT,Alfa Romeo,18.0,2.0,HARD,7.0,100.24,1,26.9,30.3,False
STR,Aston Martin,18.0,2.0,HARD,3.0,98.127,1,26.9,30.3,False
ALB,Williams,18.0,2.0,SOFT,7.0,99.049,1,26.9,30.3,False
TSU,AlphaTauri,18.0,2.0,HARD,8.0,99.302,1,26.9,30.3,False
GAS,Alpine,18.0,2.0,HARD,9.0,99.029,1,26.9,30.3,False
SAR,Williams,18.0,2.0,SOFT,6.0,99.399,1,26.9,30.3,False
DEV,AlphaTauri,18.0,2.0,HARD,7.0,99.054,1,26.9,30.3,False
ZHO,Alfa Romeo,18.0,2.0,HARD,6.0,98.873,1,26.9,30.3,True
HUL,Haas F1 Team,18.0,2.0,HARD,7.0,100.323,1,26.9,30.3,False
MAG,Haas F1 Team,18.0,2.0,HARD,3.0,98.274,1,26.9,30.3,True
OCO,Alpine,18.0,3.0,HARD,6.0,98.886,1,26.9,30.3,False
NOR,McLaren,18.0,3.0,SOFT,4.0,128.607,1,26.9,30.3,False
VER,Red Bull Racing,19.0,2.0,SOFT,5.0,97.712,1,26.9,30.3,False
LEC,Ferrari,19.0,2.0,HARD,6.0,97.858,1,26.9,30.3,False
PER,Red Bull Racing,19.0,2.0,SOFT,4.0,97.659,1,26.9,30.2,True
SAI,Ferrari,19.0,2.0,HARD,6.0,98.21,1,26.9,30.2,False
HAM,Mercedes,19.0,2.0,HARD,7.0,98.684,1,26.9,30.2,False
ALO,Aston Martin,19.0,2.0,HARD,5.0,98.361,1,26.9,30.2,False
RUS,Mercedes,19.0,2.0,HARD,6.0,98.512,1,26.9,30.2,False
BOT,Alfa Romeo,19.0,2.0,HARD,8.0,99.497,1,26.9,30.2,False
STR,Aston Martin,19.0,2.0,HARD,4.0,98.587,1,26.9,30.2,False
ALB,Williams,19.0,2.0,SOFT,8.0,99.272,1,26.9,30.2,False
TSU,AlphaTauri,19.0,2.0,HARD,9.0,99.17,1,26.9,30.2,False
GAS,Alpine,19.0,2.0,HARD,10.0,99.066,1,26.9,30.2,False
SAR,Williams,19.0,2.0,SOFT,7.0,99.22,1,26.9,30.2,False
DEV,AlphaTauri,19.0,2.0,HARD,8.0,99.078,1,26.9,30.2,False
ZHO,Alfa Romeo,19.0,2.0,HARD,7.0,98.794,1,26.9,30.2,True
HUL,Haas F1 Team,19.0,2.0,HARD,8.0,99.633,1,26.9,30.2,False
MAG,Haas F1 Team,19.0,2.0,HARD,4.0,98.803,1,26.9,30.2,False
OCO,Alpine,19.0,3.0,HARD,7.0,98.817,1,26.9,30.2,False
NOR,McLaren,19.0,3.0,SOFT,5.0,97.966,1,26.9,30.2,True
VER,Red Bull Racing,20.0,2.0,SOFT,6.0,97.788,1,26.9,30.2,False
LEC,Ferrari,20.0,2.0,HARD,7.0,97.631,1,26.9,30.2,True
PER,Red Bull Racing,20.0,2.0,SOFT,5.0,97.448,1,26.9,30.2,True
SAI,Ferrari,20.0,2.0,HARD,7.0,98.096,1,26.9,30.2,False
HAM,Mercedes,20.0,2.0,HARD,8.0,98.478,1,26.9,30.2,False
ALO,Aston Martin,20.0,2.0,HARD,6.0,98.318,1,26.9,30.2,False
RUS,Mercedes,20.0,2.0,HARD,7.0,98.578,1,26.9,30.2,False
STR,Aston Martin,20.0,2.0,HARD,5.0,98.038,1,26.9,30.1,False
BOT,Alfa Romeo,20.0,2.0,HARD,9.0,100.442,1,26.9,30.1,False
ALB,Williams,20.0,2.0,SOFT,9.0,99.299,1,26.9,30.1,False
TSU,AlphaTauri,20.0,2.0,HARD,10.0,99.282,1,26.9,30.1,False
GAS,Alpine,20.0,2.0,HARD,11.0,99.017,1,26.9,30.1,False
SAR,Williams,20.0,2.0,SOFT,8.0,99.186,1,26.9,30.1,False
DEV,AlphaTauri,20.0,2.0,HARD,9.0,99.182,1,26.9,30.1,False
ZHO,Alfa Romeo,20.0,2.0,HARD,8.0,98.896,1,26.9,30.1,False
HUL,Haas F1 Team,20.0,2.0,HARD,9.0,99.495,1,26.9,30.1,False
MAG,Haas F1 Team,20.0,2.0,HARD,5.0,99.083,1,26.9,30.1,False
OCO,Alpine,20.0,3.0,HARD,8.0,98.809,1,26.9,30.1,False
NOR,McLaren,20.0,3.0,SOFT,6.0,98.345,1,26.9,30.1,False
VER,Red Bull Racing,21.0,2.0,SOFT,7.0,97.582,1,26.8,30.1,True
LEC,Ferrari,21.0,2.0,HARD,8.0,97.753,1,26.8,30.1,False
PER,Red Bull Racing,21.0,2.0,SOFT,6.0,97.24,1,26.8,30.1,True
SAI,Ferrari,21.0,2.0,HARD,8.0,98.24,1,26.8,30.1,False
HAM,Mercedes,21.0,2.0,HARD,9.0,98.581,1,26.8,30.1,False
ALO,Aston Martin,21.0,2.0,HARD,7.0,98.407,1,26.8,30.1,False
RUS,Mercedes,21.0,2.0,HARD,8.0,98.555,1,26.8,30.1,False
STR,Aston Martin,21.0,2.0,HARD,6.0,98.273,1,26.8,30.1,False
BOT,Alfa Romeo,21.0,2.0,HARD,10.0,99.355,1,26.8,30.1,False
ALB,Williams,21.0,2.0,SOFT,10.0,99.591,1,26.8,30.1,False
TSU,AlphaTauri,21.0,2.0,HARD,11.0,99.325,1,26.8,30.1,False
GAS,Alpine,21.0,2.0,HARD,12.0,99.327,1,26.8,30.1,False
SAR,Williams,21.0,2.0,SOFT,9.0,99.612,1,26.8,30.1,False
DEV,AlphaTauri,21.0,2.0,HARD,10.0,99.182,1,26.8,30.1,False
ZHO,Alfa Romeo,21.0,2.0,HARD,9.0,98.888,1,26.8,30.1,False
HUL,Haas F1 Team,21.0,2.0,HARD,10.0,99.703,1,26.8,30.0,False
MAG,Haas F1 Team,21.0,2.0,HARD,6.0,99.086,1,26.8,30.0,False
OCO,Alpine,21.0,3.0,HARD,9.0,98.976,1,26.8,30.0,False
NOR,McLaren,21.0,3.0,SOFT,7.0,98.297,1,26.8,30.0,False
VER,Red Bull Racing,22.0,2.0,SOFT,8.0,97.651,1,26.8,30.0,False
LEC,Ferrari,22.0,2.0,HARD,9.0,98.162,1,26.8,30.0,False
PER,Red Bull Racing,22.0,2.0,SOFT,7.0,97.169,1,26.8,30.0,True
SAI,Ferrari,22.0,2.0,HARD,9.0,98.453,1,26.7,30.0,False
HAM,Mercedes,22.0,2.0,HARD,10.0,98.46,1,26.7,30.0,False
ALO,Aston Martin,22.0,2.0,HARD,8.0,98.2,1,26.7,30.0,False
RUS,Mercedes,22.0,2.0,HARD,9.0,98.438,1,26.7,30.0,False
STR,Aston Martin,22.0,2.0,HARD,7.0,98.73,1,26.7,30.0,False
BOT,Alfa Romeo,22.0,2.0,HARD,11.0,99.356,1,26.7,30.0,False
ALB,Williams,22.0,2.0,SOFT,11.0,99.588,1,26.7,30.0,False
TSU,AlphaTauri,22.0,2.0,HARD,12.0,99.439,1,26.7,30.0,False
GAS,Alpine,22.0,2.0,HARD,13.0,99.485,1,26.7,30.0,False
SAR,Williams,22.0,2.0,SOFT,10.0,99.362,1,26.7,30.0,False
DEV,AlphaTauri,22.0,2.0,HARD,11.0,99.296,1,26.7,30.0,False
ZHO,Alfa Romeo,22.0,2.0,HARD,10.0,99.115,1,26.7,30.0,False
HUL,Haas F1 Team,22.0,2.0,HARD,11.0,99.934,1,26.7,30.0,False
MAG,Haas F1 Team,22.0,2.0,HARD,7.0,98.913,1,26.7,30.0,False
OCO,Alpine,22.0,3.0,HARD,10.0,99.028,1,26.7,29.9,False
NOR,McLaren,22.0,3.0,SOFT,8.0,98.908,1,26.7,29.9,False
VER,Red Bull Racing,23.0,2.0,SOFT,9.0,97.552,1,26.7,29.9,True
LEC,Ferrari,23.0,2.0,HARD,10.0,98.054,1,26.7,29.9,False
PER,Red Bull Racing,23.0,2.0,SOFT,8.0,97.304,1,26.7,29.9,False
SAI,Ferrari,23.0,2.0,HARD,10.0,98.597,1,26.7,29.9,False
HAM,Mercedes,23.0,2.0,HARD,11.0,98.384,1,26.7,29.9,False
ALO,Aston Martin,23.0,2.0,HARD,9.0,97.853,1,26.7,29.9,False
RUS,Mercedes,23.0,2.0,HARD,10.0,98.773,1,26.7,29.9,False
STR,Aston Martin,23.0,2.0,HARD,8.0,98.295,1,26.7,29.9,False
BOT,Alfa Romeo,23.0,2.0,HARD,12.0,99.311,1,26.7,29.9,False
ALB,Williams,23.0,2.0,SOFT,12.0,99.802,1,26.7,29.9,False
TSU,AlphaTauri,23.0,2.0,HARD,13.0,99.632,1,26.7,29.9,False
GAS,Alpine,23.0,2.0,HARD,14.0,99.263,1,26.7,29.9,False
SAR,Williams,23.0,2.0,SOFT,11.0,99.692,1,26.7,29.9,False
DEV,AlphaTauri,23.0,2.0,HARD,12.0,99.542,1,26.7,29.9,False
ZHO,Alfa Romeo,23.0,2.0,HARD,11.0,99.462,1,26.7,29.9,False
HUL,Haas F1 Team,23.0,2.0,HARD,12.0,99.866,1,26.7,29.9,False
MAG,Haas F1 Team,23.0,2.0,HARD,8.0,99.027,1,26.7,29.9,False
NOR,McLaren,23.0,3.0,SOFT,9.0,98.291,1,26.7,29.9,False
OCO,Alpine,23.0,3.0,HARD,11.0,100.052,1,26.7,29.9,False
VER,Red Bull Racing,24.0,2.0,SOFT,10.0,97.387,1,26.7,29.9,True
LEC,Ferrari,24.0,2.0,HARD,11.0,97.972,1,26.7,29.9,False
PER,Red Bull Racing,24.0,2.0,SOFT,9.0,97.352,1,26.7,29.9,False
SAI,Ferrari,24.0,2.0,HARD,11.0,98.314,1,26.7,29.9,False
HAM,Mercedes,24.0,2.0,HARD,12.0,98.367,1,26.7,29.9,False
ALO,Aston Martin,24.0,2.0,HARD,10.0,97.878,1,26.7,29.9,False
RUS,Mercedes,24.0,2.0,HARD,11.0,98.643,1,26.7,29.9,False
STR,Aston Martin,24.0,2.0,HARD,9.0,98.478,1,26.7,29.9,False
BOT,Alfa Romeo,24.0,2.0,HARD,13.0,99.427,1,26.7,29.9,False
ALB,Williams,24.0,2.0,SOFT,13.0,99.89,1,26.7,29.9,False
TSU,AlphaTauri,24.0,2.0,HARD,14.0,100.109,1,26.7,29.9,False
GAS,Alpine,24.0,2.0,HARD,15.0,99.761,1,26.7,29.9,False
SAR,Williams,24.0,2.0,SOFT,12.0,99.872,1,26.7,29.9,False
DEV,AlphaTauri,24.0,2.0,HARD,13.0,99.807,1,26.7,29.9,False
ZHO,Alfa Romeo,24.0,2.0,HARD,12.0,99.503,1,26.7,29.9,False
HUL,Haas F1 Team,24.0,2.0,HARD,13.0,99.855,1,26.7,29.9,False
MAG,Haas F1 Team,24.0,2.0,HARD,9.0,98.947,1,26.7,29.9,False
NOR,McLaren,24.0,3.0,SOFT,10.0,98.696,1,26.7,29.9,False
OCO,Alpine,24.0,3.0,HARD,12.0,99.382,1,26.7,29.9,False
VER,Red Bull Racing,25.0,2.0,SOFT,11.0,97.372,1,26.7,29.9,True
LEC,Ferrari,25.0,2.0,HARD,12.0,98.541,1,26.7,29.9,False
PER,Red Bull Racing,25.0,2.0,SOFT,10.0,98.418,1,26.7,29.9,False
SAI,Ferrari,25.0,2.0,HARD,12.0,98.571,1,26.7,29.9,False
HAM,Mercedes,25.0,2.0,HARD,13.0,98.29,1,26.7,29.9,True
ALO,Aston Martin,25.0,2.0,HARD,11.0,98.139,1,26.7,29.9,False
RUS,Mercedes,25.0,2.0,HARD,12.0,98.487,1,26.7,29.9,False
STR,Aston Martin,25.0,2.0,HARD,10.0,98.25,1,26.7,29.9,False
BOT,Alfa Romeo,25.0,2.0,HARD,14.0,99.49,1,26.7,29.9,False
ALB,Williams,25.0,2.0,SOFT,14.0,99.832,1,26.7,29.9,False
TSU,AlphaTauri,25.0,2.0,HARD,15.0,99.746,1,26.7,29.9,False
GAS,Alpine,25.0,2.0,HARD,16.0,102.288,1,26.7,29.9,False
SAR,Williams,25.0,2.0,SOFT,13.0,99.834,1,26.7,29.9,False
ZHO,Alfa Romeo,25.0,2.0,HARD,13.0,99.066,1,26.7,29.9,False
DEV,AlphaTauri,25.0,2.0,HARD,14.0,100.96,1,26.7,29.9,False
HUL,Haas F1 Team,25.0,2.0,HARD,14.0,100.295,1,26.7,29.9,False
MAG,Haas F1 Team,25.0,2.0,HARD,10.0,99.476,1,26.7,29.9,False
NOR,McLaren,25.0,3.0,SOFT,11.0,98.447,1,26.7,29.9,False
OCO,Alpine,25.0,3.0,HARD,13.0,99.435,1,26.7,29.9,False
VER,Red Bull Racing,26.0,2.0,SOFT,12.0,97.682,1,26.7,29.9,False
PER,Red Bull Racing,26.0,2.0,SOFT,11.0,97.454,1,26.7,29.9,False
LEC,Ferrari,26.0,2.0,HARD,13.0,99.668,1,26.7,29.9,False
SAI,Ferrari,26.0,2.0,HARD,13.0,98.331,1,26.7,29.9,False
HAM,Mercedes,26.0,2.0,HARD,14.0,98.339,1,26.7,29.9,False
ALO,Aston Martin,26.0,2.0,HARD,12.0,98.127,1,26.7,29.9,False
RUS,Mercedes,26.0,2.0,HARD,13.0,98.462,1,26.7,29.9,False
STR,Aston Martin,26.0,2.0,HARD,11.0,98.482,1,26.7,29.9,False
BOT,Alfa Romeo,26.0,2.0,HARD,15.0,99.5,1,26.8,29.9,False
ALB,Williams,26.0,2.0,SOFT,15.0,102.61,1,26.8,29.9,False
TSU,AlphaTauri,26.0,2.0,HARD,16.0,102.227,1,26.8,29.9,False
SAR,Williams,26.0,2.0,SOFT,14.0,100.006,1,26.8,29.9,False
ZHO,Alfa Romeo,26.0,2.0,HARD,14.0,99.427,1,26.8,29.9,False
DEV,AlphaTauri,26.0,2.0,HARD,15.0,99.97,1,26.8,29.9,False
MAG,Haas F1 Team,26.0,2.0,HARD,11.0,99.601,1,26.8,29.9,False
HUL,Haas F1 Team,26.0,2.0,HARD,15.0,102.931,1,26.8,29.9,False
GAS,Alpine,26.0,3.0,HARD,1.0,119.404,1,26.8,29.9,False
NOR,McLaren,26.0,3.0,SOFT,12.0,98.44,1,26.8,29.9,False
OCO,Alpine,26.0,3.0,HARD,14.0,99.521,1,26.8,29.9,False
VER,Red Bull Racing,27.0,2.0,SOFT,13.0,97.379,1,26.8,29.9,False
PER,Red Bull Racing,27.0,2.0,SOFT,12.0,97.387,1,26.8,29.9,False
LEC,Ferrari,27.0,2.0,HARD,14.0,98.814,1,26.8,29.9,False
SAI,Ferrari,27.0,2.0,HARD,14.0,98.423,1,26.8,29.9,False
HAM,Mercedes,27.0,2.0,HARD,15.0,98.369,1,26.8,29.9,False
ALO,Aston Martin,27.0,2.0,HARD,13.0,98.612,1,26.8,29.9,False
RUS,Mercedes,27.0,2.0,HARD,14.0,98.625,1,26.8,29.9,False
STR,Aston Martin,27.0,2.0,HARD,12.0,99.021,1,26.8,29.9,False
BOT,Alfa Romeo,27.0,2.0,HARD,16.0,99.287,1,26.8,29.9,False
SAR,Williams,27.0,2.0,SOFT,15.0,99.602,1,26.8,29.9,False
ZHO,Alfa Romeo,27.0,2.0,HARD,15.0,99.235,1,26.8,29.9,False
DEV,AlphaTauri,27.0,2.0,HARD,16.0,102.309,1,26.7,29.9,False
MAG,Haas F1 Team,27.0,2.0,HARD,12.0,99.298,1,26.7,29.9,False
ALB,Williams,27.0,3.0,HARD,1.0,119.87,1,26.7,29.9,False
GAS,Alpine,27.0,3.0,HARD,2.0,98.729,1,26.7,29.9,True
TSU,AlphaTauri,27.0,3.0,HARD,1.0,120.3,1,26.7,29.9,False
NOR,McLaren,27.0,3.0,SOFT,13.0,100.973,1,26.7,29.9,False
OCO,Alpine,27.0,3.0,HARD,15.0,99.594,1,26.7,29.9,False
VER,Red Bull Racing,28.0,2.0,SOFT,14.0,97.651,1,26.7,29.9,False
HUL,Haas F1 Team,27.0,3.0,HARD,1.0,132.037,1,26.7,29.9,False
PER,Red Bull Racing,28.0,2.0,SOFT,13.0,97.211,1,26.7,29.9,False
LEC,Ferrari,28.0,2.0,HARD,15.0,98.618,1,26.7,29.9,False
SAI,Ferrari,28.0,2.0,HARD,15.0,98.474,1,26.7,29.9,False
HAM,Mercedes,28.0,2.0,HARD,16.0,98.265,1,26.7,29.9,True
ALO,Aston Martin,28.0,2.0,HARD,14.0,98.199,1,26.7,29.9,False
RUS,Mercedes,28.0,2.0,HARD,15.0,98.448,1,26.7,29.9,False
STR,Aston Martin,28.0,2.0,HARD,13.0,98.723,1,26.7,29.9,False
BOT,Alfa Romeo,28.0,2.0,HARD,17.0,99.016,1,26.7,29.9,False
SAR,Williams,28.0,2.0,SOFT,16.0,99.62,1,26.7,29.9,False
ZHO,Alfa Romeo,28.0,2.0,HARD,16.0,99.412,1,26.7,29.9,False
MAG,Haas F1 Team,28.0,2.0,HARD,13.0,99.316,1,26.7,29.9,False
ALB,Williams,28.0,3.0,HARD,2.0,97.503,1,26.7,29.9,True
GAS,Alpine,28.0,3.0,HARD,3.0,97.761,1,26.7,29.9,True
TSU,AlphaTauri,28.0,3.0,HARD,2.0,97.824,1,26.7,29.9,True
DEV,AlphaTauri,28.0,3.0,HARD,1.0,120.083,1,26.6,29.7,False
OCO,Alpine,28.0,3.0,HARD,16.0,100.026,1,26.6,29.7,False
VER,Red Bull Racing,29.0,2.0,SOFT,15.0,97.571,1,26.6,29.7,False
HUL,Haas F1 Team,28.0,3.0,HARD,2.0,96.981,1,26.6,29.7,True
PER,Red Bull Racing,29.0,2.0,SOFT,14.0,97.733,1,26.6,29.7,False
LEC,Ferrari,29.0,2.0,HARD,16.0,98.447,1,26.6,29.7,False
NOR,McLaren,28.0,4.0,MEDIUM,1.0,127.663,1,26.6,29.7,False
SAI,Ferrari,29.0,2.0,HARD,16.0,98.55,1,26.6,29.7,False
HAM,Mercedes,29.0,2.0,HARD,17.0,98.38,1,26.6,29.7,False
ALO,Aston Martin,29.0,2.0,HARD,15.0,98.585,1,26.6,29.7,False
RUS,Mercedes,29.0,2.0,HARD,16.0,98.792,1,26.6,29.7,False
STR,Aston Martin,29.0,2.0,HARD,14.0,98.71,1,26.6,29.7,False
BOT,Alfa Romeo,29.0,2.0,HARD,18.0,102.22,1,26.7,29.8,False
SAR,Williams,29.0,2.0,SOFT,17.0,99.673,1,26.7,29.8,False
ZHO,Alfa Romeo,29.0,2.0,HARD,17.0,99.361,1,26.7,29.8,False
ALB,Williams,29.0,3.0,HARD,3.0,98.127,1,26.7,29.8,False
MAG,Haas F1 Team,29.0,2.0,HARD,14.0,101.979,1,26.7,29.8,False
GAS,Alpine,29.0,3.0,HARD,4.0,98.012,1,26.7,29.8,False
TSU,AlphaTauri,29.0,3.0,HARD,3.0,97.779,1,26.7,29.8,True
DEV,AlphaTauri,29.0,3.0,HARD,2.0,98.121,1,26.7,29.8,True
VER,Red Bull Racing,30.0,2.0,SOFT,16.0,97.549,1,26.7,29.8,False
OCO,Alpine,29.0,3.0,HARD,17.0,101.181,1,26.7,29.8,False
HUL,Haas F1 Team,29.0,3.0,HARD,3.0,97.398,1,26.7,29.8,False
PER,Red Bull Racing,30.0,2.0,SOFT,15.0,97.4,1,26.7,29.8,False
LEC,Ferrari,30.0,2.0,HARD,17.0,98.39,1,26.7,29.7,False
NOR,McLaren,29.0,4.0,MEDIUM,2.0,97.26,1,26.7,29.7,True
SAI,Ferrari,30.0,2.0,HARD,17.0,98.601,1,26.7,29.7,False
ALO,Aston Martin,30.0,2.0,HARD,16.0,98.282,1,26.7,29.7,False
HAM,Mercedes,30.0,2.0,HARD,18.0,101.175,1,26.7,29.7,False
RUS,Mercedes,30.0,2.0,HARD,17.0,98.541,1,26.7,29.7,False
STR,Aston Martin,30.0,2.0,HARD,15.0,101.467,1,26.7,29.7,False
ZHO,Alfa Romeo,30.0,2.0,HARD,18.0,99.382,1,26.7,29.7,False
SAR,Williams,30.0,2.0,SOFT,18.0,102.409,1,26.7,29.7,False
BOT,Alfa Romeo,30.0,3.0,HARD,1.0,118.886,1,26.7,29.7,False
ALB,Williams,30.0,3.0,HARD,4.0,97.931,1,26.7,29.6,False
GAS,Alpine,30.0,3.0,HARD,5.0,97.76,1,26.7,29.6,True
TSU,AlphaTauri,30.0,3.0,HARD,4.0,98.147,1,26.7,29.6,False
DEV,AlphaTauri,30.0,3.0,HARD,3.0,97.709,1,26.7,29.6,True
VER,Red Bull Racing,31.0,2.0,SOFT,17.0,97.431,1,26.7,29.6,False
OCO,Alpine,30.0,3.0,HARD,18.0,99.757,1,26.7,29.6,False
MAG,Haas F1 Team,30.0,3.0,SOFT,1.0,120.933,1,26.7,29.6,False
HUL,Haas F1 Team,30.0,3.0,HARD,4.0,97.617,1,26.7,29.6,False
PER,Red Bull Racing,31.0,2.0,SOFT,16.0,97.919,1,26.7,29.6,False
LEC,Ferrari,31.0,2.0,HARD,18.0,98.746,1,26.7,29.6,False
NOR,McLaren,30.0,4.0,MEDIUM,3.0,97.605,1,26.7,29.6,False
SAI,Ferrari,31.0,2.0,HARD,18.0,101.274,1,26.7,29.6,False
ALO,Aston Martin,31.0,2.0,HARD,17.0,98.009,1,26.7,29.6,False
RUS,Mercedes,31.0,2.0,HARD,18.0,101.035,1,26.7,29.6,False
HAM,Mercedes,31.0,3.0,HARD,1.0,119.503,1,26.7,29.6,False
STR,Aston Martin,31.0,3.0,HARD,1.0,117.063,1,26.7,29.6,False
ZHO,Alfa Romeo,31.0,2.0,HARD,19.0,99.67,1,26.7,29.6,False
BOT,Alfa Romeo,31.0,3.0,HARD,2.0,97.379,1,26.7,29.6,True
ALB,Williams,31.0,3.0,HARD,5.0,98.104,1,26.7,29.6,False
GAS,Alpine,31.0,3.0,HARD,6.0,97.968,1,26.7,29.6,False
TSU,AlphaTauri,31.0,3.0,HARD,5.0,97.813,1,26.7,29.6,False
SAR,Williams,31.0,3.0,HARD,1.0,119.303,1,26.7,29.6,False
DEV,AlphaTauri,31.0,3.0,HARD,4.0,97.909,1,26.7,29.6,False
VER,Red Bull Racing,32.0,2.0,SOFT,18.0,97.691,1,26.7,29.6,False
OCO,Alpine,31.0,3.0,HARD,19.0,99.748,1,26.7,29.6,False
MAG,Haas F1 Team,31.0,3.0,SOFT,2.0,98.593,1,26.7,29.6,False
HUL,Haas F1 Team,31.0,3.0,HARD,5.0,97.891,1,26.7,29.6,False
PER,Red Bull Racing,32.0,2.0,SOFT,17.0,97.722,1,26.7,29.6,False
LEC,Ferrari,32.0,2.0,HARD,19.0,98.948,1,26.7,29.6,False
NOR,McLaren,31.0,4.0,MEDIUM,4.0,97.768,1,26.7,29.6,False
ALO,Aston Martin,32.0,2.0,HARD,18.0,97.871,1,26.7,29.6,False
SAI,Ferrari,32.0,3.0,HARD,1.0,118.492,1,26.7,29.6,False
HAM,Mercedes,32.0,3.0,HARD,2.0,97.563,1,26.7,29.6,True
STR,Aston Martin,32.0,3.0,HARD,2.0,96.546,1,26.7,29.6,True
RUS,Mercedes,32.0,3.0,HARD,1.0,118.694,1,26.7,29.6,False
BOT,Alfa Romeo,32.0,3.0,HARD,3.0,97.675,1,26.7,29.6,False
ZHO,Alfa Romeo,32.0,2.0,HARD,20.0,102.096,1,26.7,29.6,False
ALB,Williams,32.0,3.0,HARD,6.0,97.919,1,26.7,29.6,False
GAS,Alpine,32.0,3.0,HARD,7.0,98.012,1,26.7,29.6,False
TSU,AlphaTauri,32.0,3.0,HARD,6.0,98.017,1,26.7,29.6,False
SAR,Williams,32.0,3.0,HARD,2.0,97.613,1,26.7,29.6,True
DEV,AlphaTauri,32.0,3.0,HARD,5.0,97.902,1,26.7,29.6,False
VER,Red Bull Racing,33.0,2.0,SOFT,19.0,97.686,1,26.7,29.6,False
MAG,Haas F1 Team,32.0,3.0,SOFT,3.0,97.644,1,26.7,29.6,True
HUL,Haas F1 Team,32.0,3.0,HARD,6.0,97.806,1,26.7,29.6,False
OCO,Alpine,32.0,3.0,HARD,20.0,104.296,1,26.7,29.6,False
PER,Red Bull Racing,33.0,2.0,SOFT,18.0,97.869,1,26.7,29.6,False
NOR,McLaren,32.0,4.0,MEDIUM,5.0,98.111,1,26.7,29.6,False
LEC,Ferrari,33.0,2.0,HARD,20.0,101.323,1,26.7,29.6,False
ALO,Aston Martin,33.0,2.0,HARD,19.0,97.769,1,26.7,29.6,False
SAI,Ferrari,33.0,3.0,HARD,2.0,97.548,1,26.7,29.6,True
HAM,Mercedes,33.0,3.0,HARD,3.0,97.549,1,26.7,29.6,True
STR,Aston Martin,33.0,3.0,HARD,3.0,97.21,1,26.7,29.6,False
RUS,Mercedes,33.0,3.0,HARD,2.0,97.221,1,26.7,29.6,True
BOT,Alfa Romeo,33.0,3.0,HARD,4.0,97.775,1,26.7,29.6,False
ALB,Williams,33.0,3.0,HARD,7.0,98.104,1,26.7,29.6,False
GAS,Alpine,33.0,3.0,HARD,8.0,97.974,1,26.7,29.6,False
TSU,AlphaTauri,33.0,3.0,HARD,7.0,98.094,1,26.7,29.6,False
SAR,Williams,33.0,3.0,HARD,3.0,97.862,1,26.6,29.6,False
DEV,AlphaTauri,33.0,3.0,HARD,6.0,97.933,1,26.6,29.6,False
VER,Red Bull Racing,34.0,2.0,SOFT,20.0,97.839,1,26.6,29.6,False
ZHO,Alfa Romeo,33.0,3.0,SOFT,4.0,119.659,1,26.6,29.6,False
MAG,Haas F1 Team,33.0,3.0,SOFT,4.0,97.097,1,26.6,29.6,True
HUL,Haas F1 Team,33.0,3.0,HARD,7.0,97.761,1,26.6,29.6,False
PER,Red Bull Racing,34.0,2.0,SOFT,19.0,100.686,1,26.6,29.6,False
NOR,McLaren,33.0,4.0,MEDIUM,6.0,97.52,1,26.6,29.6,False
ALO,Aston Martin,34.0,2.0,HARD,20.0,100.353,1,26.6,29.6,False
LEC,Ferrari,34.0,3.0,HARD,1.0,119.477,1,26.6,29.6,False
OCO,Alpine,33.0,4.0,HARD,1.0,138.694,1,26.6,29.6,False
SAI,Ferrari,34.0,3.0,HARD,3.0,97.475,1,26.6,29.6,True
HAM,Mercedes,34.0,3.0,HARD,4.0,98.135,1,26.6,29.6,False
STR,Aston Martin,34.0,3.0,HARD,4.0,97.168,1,26.6,29.6,False
RUS,Mercedes,34.0,3.0,HARD,3.0,97.311,1,26.6,29.6,False
BOT,Alfa Romeo,34.0,3.0,HARD,5.0,97.774,1,26.6,29.6,False
ALB,Williams,34.0,3.0,HARD,8.0,97.961,1,26.6,29.6,False
GAS,Alpine,34.0,3.0,HARD,9.0,98.022,1,26.6,29.6,False
TSU,AlphaTauri,34.0,3.0,HARD,8.0,98.13,1,26.6,29.6,False
SAR,Williams,34.0,3.0,HARD,4.0,97.902,1,26.6,29.6,False
DEV,AlphaTauri,34.0,3.0,HARD,7.0,98.266,1,26.6,29.6,False
VER,Red Bull Racing,35.0,2.0,SOFT,21.0,97.85,1,26.6,29.6,False
ZHO,Alfa Romeo,34.0,3.0,SOFT,5.0,97.037,1,26.6,29.6,True
MAG,Haas F1 Team,34.0,3.0,SOFT,5.0,97.528,1,26.6,29.6,False
HUL,Haas F1 Team,34.0,3.0,HARD,8.0,97.895,1,26.7,29.6,False
NOR,McLaren,34.0,4.0,MEDIUM,7.0,97.987,1,26.7,29.6,False
PER,Red Bull Racing,35.0,3.0,HARD,1.0,118.785,1,26.7,29.6,False
LEC,Ferrari,35.0,3.0,HARD,2.0,98.073,1,26.7,29.6,False
OCO,Alpine,34.0,4.0,HARD,2.0,96.797,1,26.7,29.6,True
SAI,Ferrari,35.0,3.0,HARD,4.0,97.441,1,26.7,29.6,True
HAM,Mercedes,35.0,3.0,HARD,5.0,96.831,1,26.7,29.6,True
ALO,Aston Martin,35.0,3.0,HARD,1.0,117.389,1,26.7,29.6,False
STR,Aston Martin,35.0,3.0,HARD,5.0,97.521,1,26.7,29.6,False
RUS,Mercedes,35.0,3.0,HARD,4.0,97.592,1,26.7,29.6,False
BOT,Alfa Romeo,35.0,3.0,HARD,6.0,97.817,1,26.6,29.6,False
ALB,Williams,35.0,3.0,HARD,9.0,97.984,1,26.6,29.6,False
GAS,Alpine,35.0,3.0,HARD,10.0,98.088,1,26.6,29.6,False
TSU,AlphaTauri,35.0,3.0,HARD,9.0,98.163,1,26.6,29.6,False
SAR,Williams,35.0,3.0,HARD,5.0,98.029,1,26.6,29.6,False
DEV,AlphaTauri,35.0,3.0,HARD,8.0,98.123,1,26.6,29.6,False
ZHO,Alfa Romeo,35.0,3.0,SOFT,6.0,97.55,1,26.6,29.6,False
VER,Red Bull Racing,36.0,2.0,SOFT,22.0,100.964,1,26.6,29.6,False
MAG,Haas F1 Team,35.0,3.0,SOFT,6.0,97.46,1,26.6,29.6,False
HUL,Haas F1 Team,35.0,3.0,HARD,9.0,98.093,1,26.6,29.6,False
NOR,McLaren,35.0,4.0,MEDIUM,8.0,97.87,1,26.6,29.6,False
PER,Red Bull Racing,36.0,3.0,HARD,2.0,96.82,1,26.6,29.6,True
LEC,Ferrari,36.0,3.0,HARD,3.0,97.313,1,26.6,29.6,True
OCO,Alpine,35.0,4.0,HARD,3.0,96.964,1,26.6,29.6,False
SAI,Ferrari,36.0,3.0,HARD,5.0,97.706,1,26.6,29.6,False
HAM,Mercedes,36.0,3.0,HARD,6.0,96.546,1,26.6,29.6,True
ALO,Aston Martin,36.0,3.0,HARD,2.0,96.156,1,26.6,29.6,True
STR,Aston Martin,36.0,3.0,HARD,6.0,97.72,1,26.6,29.6,False
RUS,Mercedes,36.0,3.0,HARD,5.0,97.607,1,26.6,29.6,False
BOT,Alfa Romeo,36.0,3.0,HARD,7.0,97.827,1,26.6,29.6,False
ALB,Williams,36.0,3.0,HARD,10.0,98.176,1,26.6,29.6,False
GAS,Alpine,36.0,3.0,HARD,11.0,98.184,1,26.6,29.6,False
TSU,AlphaTauri,36.0,3.0,HARD,10.0,98.059,1,26.6,29.6,False
SAR,Williams,36.0,3.0,HARD,6.0,97.717,1,26.6,29.5,False
DEV,AlphaTauri,36.0,3.0,HARD,9.0,98.206,1,26.6,29.5,False
ZHO,Alfa Romeo,36.0,3.0,SOFT,7.0,97.957,1,26.6,29.5,False
MAG,Haas F1 Team,36.0,3.0,SOFT,7.0,97.754,1,26.6,29.5,False
HUL,Haas F1 Team,36.0,3.0,HARD,10.0,98.245,1,26.6,29.5,False
VER,Red Bull Racing,37.0,3.0,HARD,1.0,118.49,1,26.6,29.5,False
NOR,McLaren,36.0,4.0,MEDIUM,9.0,99.886,1,26.6,29.5,False
PER,Red Bull Racing,37.0,3.0,HARD,3.0,96.344,1,26.6,29.5,True
LEC,Ferrari,37.0,3.0,HARD,4.0,97.17,1,26.6,29.5,True
OCO,Alpine,36.0,4.0,HARD,4.0,97.364,1,26.6,29.5,False
SAI,Ferrari,37.0,3.0,HARD,6.0,97.13,1,26.5,29.5,True
HAM,Mercedes,37.0,3.0,HARD,7.0,97.388,1,26.5,29.5,False
ALO,Aston Martin,37.0,3.0,HARD,3.0,97.431,1,26.5,29.5,False
STR,Aston Martin,37.0,3.0,HARD,7.0,97.68,1,26.5,29.5,False
RUS,Mercedes,37.0,3.0,HARD,6.0,97.822,1,26.5,29.5,False
BOT,Alfa Romeo,37.0,3.0,HARD,8.0,97.774,1,26.5,29.5,False
ALB,Williams,37.0,3.0,HARD,11.0,98.038,1,26.5,29.5,False
GAS,Alpine,37.0,3.0,HARD,12.0,98.133,1,26.5,29.5,False
TSU,AlphaTauri,37.0,3.0,HARD,11.0,98.075,1,26.5,29.5,False
SAR,Williams,37.0,3.0,HARD,7.0,97.831,1,26.5,29.5,False
DEV,AlphaTauri,37.0,3.0,HARD,10.0,98.423,1,26.5,29.5,False
ZHO,Alfa Romeo,37.0,3.0,SOFT,8.0,98.003,1,26.5,29.5,False
MAG,Haas F1 Team,37.0,3.0,SOFT,8.0,97.998,1,26.5,29.5,False
HUL,Haas F1 Team,37.0,3.0,HARD,11.0,98.108,1,26.5,29.5,False
VER,Red Bull Racing,38.0,3.0,HARD,2.0,96.297,1,26.5,29.5,True
NOR,McLaren,37.0,4.0,MEDIUM,10.0,100.197,1,26.5,29.5,False
PER,Red Bull Racing,38.0,3.0,HARD,4.0,96.431,1,26.5,29.5,False
LEC,Ferrari,38.0,3.0,HARD,5.0,97.17,1,26.5,29.5,False
OCO,Alpine,37.0,4.0,HARD,5.0,97.338,1,26.5,29.5,False
SAI,Ferrari,38.0,3.0,HARD,7.0,97.444,1,26.5,29.5,False
ALO,Aston Martin,38.0,3.0,HARD,4.0,97.002,1,26.5,29.5,False
HAM,Mercedes,38.0,3.0,HARD,8.0,98.304,1,26.5,29.5,False
STR,Aston Martin,38.0,3.0,HARD,8.0,97.274,1,26.5,29.5,False
RUS,Mercedes,38.0,3.0,HARD,7.0,97.66,1,26.5,29.5,False
BOT,Alfa Romeo,38.0,3.0,HARD,9.0,97.658,1,26.5,29.5,False
ALB,Williams,38.0,3.0,HARD,12.0,98.33,1,26.5,29.5,False
GAS,Alpine,38.0,3.0,HARD,13.0,98.108,1,26.5,29.5,False
TSU,AlphaTauri,38.0,3.0,HARD,12.0,98.084,1,26.5,29.5,False
SAR,Williams,38.0,3.0,HARD,8.0,98.015,1,26.5,29.5,False
DEV,AlphaTauri,38.0,3.0,HARD,11.0,98.379,1,26.5,29.5,False
ZHO,Alfa Romeo,38.0,3.0,SOFT,9.0,98.422,1,26.5,29.5,False
MAG,Haas F1 Team,38.0,3.0,SOFT,9.0,98.303,1,26.5,29.5,False
HUL,Haas F1 Team,38.0,3.0,HARD,12.0,98.191,1,26.5,29.5,False
VER,Red Bull Racing,39.0,3.0,HARD,3.0,96.446,1,26.5,29.5,False
PER,Red Bull Racing,39.0,3.0,HARD,5.0,96.429,1,26.5,29.5,False
LEC,Ferrari,39.0,3.0,HARD,6.0,97.287,1,26.5,29.5,False
OCO,Alpine,38.0,4.0,HARD,6.0,97.216,1,26.5,29.5,False
SAI,Ferrari,39.0,3.0,HARD,8.0,97.403,1,26.5,29.5,False
ALO,Aston Martin,39.0,3.0,HARD,5.0,97.243,1,26.5,29.5,False
HAM,Mercedes,39.0,3.0,HARD,9.0,97.478,1,26.5,29.5,False
NOR,McLaren,38.0,5.0,HARD,1.0,128.682,1,26.5,29.5,False
STR,Aston Martin,39.0,3.0,HARD,9.0,97.456,1,26.5,29.5,False
RUS,Mercedes,39.0,3.0,HARD,8.0,97.495,1,26.5,29.5,False
BOT,Alfa Romeo,39.0,3.0,HARD,10.0,97.784,1,26.5,29.5,False
ALB,Williams,39.0,3.0,HARD,13.0,98.346,1,26.5,29.5,False
GAS,Alpine,39.0,3.0,HARD,14.0,98.537,1,26.5,29.5,False
TSU,AlphaTauri,39.0,3.0,HARD,13.0,98.419,1,26.5,29.5,False
SAR,Williams,39.0,3.0,HARD,9.0,97.971,1,26.5,29.5,False
DEV,AlphaTauri,39.0,3.0,HARD,12.0,98.535,1,26.5,29.5,False
ZHO,Alfa Romeo,39.0,3.0,SOFT,10.0,98.368,1,26.5,29.5,False
MAG,Haas F1 Team,39.0,3.0,SOFT,10.0,98.587,1,26.5,29.5,False
HUL,Haas F1 Team,39.0,3.0,HARD,13.0,98.184,1,26.5,29.5,False
VER,Red Bull Racing,40.0,3.0,HARD,4.0,96.942,1,26.5,29.5,False
PER,Red Bull Racing,40.0,3.0,HARD,6.0,97.114,1,26.5,29.5,False
LEC,Ferrari,40.0,3.0,HARD,7.0,,1,26.5,29.5,
OCO,Alpine,39.0,4.0,HARD,7.0,97.523,12,26.5,29.5,False
SAI,Ferrari,40.0,3.0,HARD,9.0,97.587,12,26.5,29.5,False
ALO,Aston Martin,40.0,3.0,HARD,6.0,97.208,12,26.5,29.5,False
HAM,Mercedes,40.0,3.0,HARD,10.0,97.494,12,26.5,29.5,False
NOR,McLaren,39.0,5.0,HARD,2.0,98.347,12,26.5,29.5,False
STR,Aston Martin,40.0,3.0,HARD,10.0,97.916,126,26.5,29.4,False
RUS,Mercedes,40.0,3.0,HARD,9.0,98.085,126,26.5,29.4,False
BOT,Alfa Romeo,40.0,3.0,HARD,11.0,110.376,126,26.5,29.4,False
ALB,Williams,40.0,3.0,HARD,14.0,110.177,126,26.5,29.4,False
GAS,Alpine,40.0,3.0,HARD,15.0,109.707,126,26.5,29.4,False
TSU,AlphaTauri,40.0,3.0,HARD,14.0,110.35,126,26.5,29.4,False
SAR,Williams,40.0,3.0,HARD,10.0,113.753,126,26.5,29.4,False
DEV,AlphaTauri,40.0,3.0,HARD,13.0,113.544,126,26.5,29.4,False
ZHO,Alfa Romeo,40.0,3.0,SOFT,11.0,113.456,126,26.5,29.4,False
MAG,Haas F1 Team,40.0,3.0,SOFT,11.0,117.797,126,26.5,29.3,False
HUL,Haas F1 Team,40.0,3.0,HARD,14.0,118.689,126,26.5,29.3,False
VER,Red Bull Racing,41.0,3.0,HARD,5.0,120.495,126,26.5,29.3,False
PER,Red Bull Racing,41.0,3.0,HARD,7.0,123.522,126,26.5,29.3,False
OCO,Alpine,40.0,4.0,HARD,8.0,128.023,2671,26.5,29.3,False
SAI,Ferrari,41.0,3.0,HARD,10.0,126.436,2671,26.5,29.4,False
ALO,Aston Martin,41.0,3.0,HARD,7.0,126.713,2671,26.5,29.4,False
HAM,Mercedes,41.0,3.0,HARD,11.0,126.491,2671,26.5,29.4,False
NOR,McLaren,40.0,5.0,HARD,3.0,127.97,2671,26.5,29.4,False
STR,Aston Martin,41.0,3.0,HARD,11.0,126.809,671,26.5,29.4,False
RUS,Mercedes,41.0,3.0,HARD,10.0,126.293,671,26.5,29.4,False
BOT,Alfa Romeo,41.0,3.0,HARD,12.0,115.281,671,26.5,29.4,False
ALB,Williams,41.0,4.0,SOFT,1.0,128.659,671,26.5,29.4,False
GAS,Alpine,41.0,4.0,SOFT,1.0,128.544,671,26.5,29.4,False
DEV,AlphaTauri,41.0,3.0,HARD,14.0,114.359,671,26.5,29.4,False
ZHO,Alfa Romeo,41.0,3.0,SOFT,12.0,112.5,671,26.5,29.4,False
TSU,AlphaTauri,41.0,4.0,SOFT,4.0,130.782,671,26.5,29.4,False
SAR,Williams,41.0,4.0,SOFT,1.0,125.614,671,26.5,29.4,False
VER,Red Bull Racing,42.0,3.0,HARD,6.0,104.824,671,26.4,29.3,False
MAG,Haas F1 Team,41.0,4.0,SOFT,1.0,122.547,671,26.4,29.3,False
PER,Red Bull Racing,42.0,3.0,HARD,8.0,99.657,671,26.4,29.3,False
HUL,Haas F1 Team,41.0,4.0,SOFT,4.0,125.275,671,26.4,29.3,False
SAI,Ferrari,42.0,3.0,HARD,11.0,97.375,1,26.4,29.3,False
ALO,Aston Martin,42.0,3.0,HARD,8.0,96.334,1,26.4,29.3,False
OCO,Alpine,41.0,4.0,HARD,9.0,102.684,1,26.4,29.3,False
HAM,Mercedes,42.0,3.0,HARD,12.0,97.061,1,26.4,29.3,False
NOR,McLaren,41.0,5.0,HARD,4.0,96.705,1,26.4,29.3,True
STR,Aston Martin,42.0,3.0,HARD,12.0,97.298,1,26.4,29.3,False
RUS,Mercedes,42.0,3.0,HARD,11.0,97.035,1,26.4,29.3,False
BOT,Alfa Romeo,42.0,3.0,HARD,13.0,97.736,1,26.4,29.3,False
GAS,Alpine,42.0,4.0,SOFT,2.0,95.068,1,26.4,29.3,True
ALB,Williams,42.0,4.0,SOFT,2.0,97.211,1,26.4,29.3,True
TSU,AlphaTauri,42.0,4.0,SOFT,5.0,96.637,1,26.4,29.3,True
DEV,AlphaTauri,42.0,3.0,HARD,15.0,99.873,1,26.4,29.3,False
ZHO,Alfa Romeo,42.0,3.0,SOFT,13.0,99.904,1,26.4,29.3,False
SAR,Williams,42.0,4.0,SOFT,2.0,96.037,1,26.4,29.3,True
VER,Red Bull Racing,43.0,3.0,HARD,7.0,96.89,1,26.4,29.3,False
MAG,Haas F1 Team,42.0,4.0,SOFT,2.0,96.471,1,26.4,29.3,True
PER,Red Bull Racing,43.0,3.0,HARD,9.0,96.554,1,26.4,29.3,False
HUL,Haas F1 Team,42.0,4.0,SOFT,5.0,96.616,1,26.4,29.3,True
SAI,Ferrari,43.0,3.0,HARD,12.0,97.294,1,26.4,29.2,False
ALO,Aston Martin,43.0,3.0,HARD,9.0,96.911,1,26.4,29.2,False
HAM,Mercedes,43.0,3.0,HARD,13.0,97.111,1,26.4,29.2,False
NOR,McLaren,42.0,5.0,HARD,5.0,96.668,1,26.4,29.2,True
STR,Aston Martin,43.0,3.0,HARD,13.0,97.304,1,26.4,29.2,False
RUS,Mercedes,43.0,3.0,HARD,12.0,97.48,1,26.4,29.2,False
BOT,Alfa Romeo,43.0,3.0,HARD,14.0,97.813,1,26.4,29.2,False
GAS,Alpine,43.0,4.0,SOFT,3.0,95.942,1,26.4,29.2,False
ALB,Williams,43.0,4.0,SOFT,3.0,97.144,1,26.4,29.2,True
TSU,AlphaTauri,43.0,4.0,SOFT,6.0,97.028,1,26.4,29.2,False
ZHO,Alfa Romeo,43.0,3.0,SOFT,14.0,98.311,1,26.4,29.2,False
DEV,AlphaTauri,43.0,3.0,HARD,16.0,100.177,1,26.4,29.2,False
SAR,Williams,43.0,4.0,SOFT,3.0,96.801,1,26.4,29.2,False
VER,Red Bull Racing,44.0,3.0,HARD,8.0,96.236,1,26.4,29.2,True
MAG,Haas F1 Team,43.0,4.0,SOFT,3.0,96.942,1,26.4,29.2,False
PER,Red Bull Racing,44.0,3.0,HARD,10.0,96.978,1,26.4,29.2,False
HUL,Haas F1 Team,43.0,4.0,SOFT,6.0,96.793,1,26.4,29.2,False
SAI,Ferrari,44.0,3.0,HARD,13.0,97.389,1,26.4,29.2,False
ALO,Aston Martin,44.0,3.0,HARD,10.0,97.022,1,26.4,29.2,False
HAM,Mercedes,44.0,3.0,HARD,14.0,97.048,1,26.4,29.2,False
NOR,McLaren,43.0,5.0,HARD,6.0,96.687,1,26.4,29.2,False
STR,Aston Martin,44.0,3.0,HARD,14.0,97.299,1,26.4,29.1,False
RUS,Mercedes,44.0,3.0,HARD,13.0,97.597,1,26.4,29.1,False
BOT,Alfa Romeo,44.0,3.0,HARD,15.0,97.868,1,26.4,29.1,False
GAS,Alpine,44.0,4.0,SOFT,4.0,95.792,1,26.4,29.1,False
ALB,Williams,44.0,4.0,SOFT,4.0,97.327,1,26.4,29.1,False
TSU,AlphaTauri,44.0,4.0,SOFT,7.0,97.01,1,26.4,29.1,False
ZHO,Alfa Romeo,44.0,3.0,SOFT,15.0,97.974,1,26.4,29.1,False
SAR,Williams,44.0,4.0,SOFT,4.0,97.407,1,26.4,29.1,False
DEV,AlphaTauri,44.0,3.0,HARD,17.0,99.588,1,26.4,29.1,False
VER,Red Bull Racing,45.0,3.0,HARD,9.0,97.015,1,26.4,29.1,False
MAG,Haas F1 Team,44.0,4.0,SOFT,4.0,96.588,1,26.4,29.1,False
PER,Red Bull Racing,45.0,3.0,HARD,11.0,96.928,1,26.4,29.1,False
HUL,Haas F1 Team,44.0,4.0,SOFT,7.0,97.076,1,26.4,29.1,False
ALO,Aston Martin,45.0,3.0,HARD,11.0,97.931,1,26.4,29.1,False
SAI,Ferrari,45.0,3.0,HARD,14.0,99.561,1,26.4,29.1,False
HAM,Mercedes,45.0,3.0,HARD,15.0,97.661,1,26.4,29.1,False
NOR,McLaren,44.0,5.0,HARD,7.0,97.219,1,26.4,29.1,False
STR,Aston Martin,45.0,3.0,HARD,15.0,97.222,1,26.4,29.1,False
RUS,Mercedes,45.0,3.0,HARD,14.0,97.316,1,26.4,29.1,False
BOT,Alfa Romeo,45.0,3.0,HARD,16.0,97.688,1,26.4,29.1,False
GAS,Alpine,45.0,4.0,SOFT,5.0,96.186,1,26.4,29.1,False
ALB,Williams,45.0,4.0,SOFT,5.0,97.503,1,26.4,29.1,False
TSU,AlphaTauri,45.0,4.0,SOFT,8.0,97.021,1,26.4,29.1,False
ZHO,Alfa Romeo,45.0,3.0,SOFT,16.0,97.95,1,26.4,29.1,False
SAR,Williams,45.0,4.0,SOFT,5.0,97.462,1,26.4,29.1,False
DEV,AlphaTauri,45.0,3.0,HARD,18.0,98.889,1,26.4,29.1,False
VER,Red Bull Racing,46.0,3.0,HARD,10.0,96.701,1,26.4,29.1,False
MAG,Haas F1 Team,45.0,4.0,SOFT,5.0,97.126,1,26.4,29.1,False
PER,Red Bull Racing,46.0,3.0,HARD,12.0,97.257,1,26.4,29.1,False
HUL,Haas F1 Team,45.0,4.0,SOFT,8.0,97.314,1,26.4,29.1,False
ALO,Aston Martin,46.0,3.0,HARD,12.0,97.087,1,26.4,29.0,False
SAI,Ferrari,46.0,3.0,HARD,15.0,97.844,1,26.4,29.0,False
HAM,Mercedes,46.0,3.0,HARD,16.0,97.779,1,26.4,29.0,False
NOR,McLaren,45.0,5.0,HARD,8.0,97.426,1,26.4,29.0,False
STR,Aston Martin,46.0,3.0,HARD,16.0,97.562,1,26.4,29.0,False
RUS,Mercedes,46.0,3.0,HARD,15.0,97.571,1,26.4,29.0,False
BOT,Alfa Romeo,46.0,3.0,HARD,17.0,97.83,1,26.4,29.0,False
GAS,Alpine,46.0,4.0,SOFT,6.0,96.041,1,26.4,29.0,False
ALB,Williams,46.0,4.0,SOFT,6.0,97.577,1,26.4,29.0,False
TSU,AlphaTauri,46.0,4.0,SOFT,9.0,97.258,1,26.4,29.0,False
ZHO,Alfa Romeo,46.0,3.0,SOFT,17.0,98.336,1,26.4,29.0,False
SAR,Williams,46.0,4.0,SOFT,6.0,98.441,1,26.4,29.0,False
DEV,AlphaTauri,46.0,3.0,HARD,19.0,98.871,1,26.4,29.0,False
VER,Red Bull Racing,47.0,3.0,HARD,11.0,97.009,1,26.4,29.0,False
MAG,Haas F1 Team,46.0,4.0,SOFT,6.0,97.589,1,26.4,29.0,False
PER,Red Bull Racing,47.0,3.0,HARD,13.0,96.661,1,26.4,29.0,False
HUL,Haas F1 Team,46.0,4.0,SOFT,9.0,99.972,1,26.4,29.0,False
ALO,Aston Martin,47.0,3.0,HARD,13.0,97.326,1,26.4,29.0,False
SAI,Ferrari,47.0,3.0,HARD,16.0,98.222,1,26.4,29.0,False
HAM,Mercedes,47.0,3.0,HARD,17.0,98.517,1,26.4,29.0,False
NOR,McLaren,46.0,5.0,HARD,9.0,97.656,1,26.4,29.0,False
STR,Aston Martin,47.0,3.0,HARD,17.0,97.257,1,26.4,29.0,False
RUS,Mercedes,47.0,3.0,HARD,16.0,97.432,1,26.4,29.0,False
BOT,Alfa Romeo,47.0,3.0,HARD,18.0,97.815,1,26.4,29.0,False
GAS,Alpine,47.0,4.0,SOFT,7.0,96.12,1,26.4,29.0,False
ALB,Williams,47.0,4.0,SOFT,7.0,97.545,1,26.4,29.0,False
TSU,AlphaTauri,47.0,4.0,SOFT,10.0,97.359,1,26.4,29.0,False
SAR,Williams,47.0,4.0,SOFT,7.0,97.227,1,26.4,29.0,False
ZHO,Alfa Romeo,47.0,3.0,SOFT,18.0,99.553,1,26.4,29.0,False
DEV,AlphaTauri,47.0,3.0,HARD,20.0,98.921,1,26.4,29.0,False
VER,Red Bull Racing,48.0,3.0,HARD,12.0,96.918,1,26.4,29.0,False
MAG,Haas F1 Team,47.0,4.0,SOFT,7.0,97.629,1,26.4,29.0,False
PER,Red Bull Racing,48.0,3.0,HARD,14.0,96.859,1,26.4,29.0,False
HUL,Haas F1 Team,47.0,4.0,SOFT,10.0,96.806,1,26.3,29.0,False
ALO,Aston Martin,48.0,3.0,HARD,14.0,96.783,1,26.3,29.0,False
SAI,Ferrari,48.0,3.0,HARD,17.0,97.897,1,26.3,29.0,False
HAM,Mercedes,48.0,3.0,HARD,18.0,97.844,1,26.3,29.0,False
NOR,McLaren,47.0,5.0,HARD,10.0,100.433,1,26.3,29.0,False
STR,Aston Martin,48.0,3.0,HARD,18.0,97.448,1,26.3,29.0,False
RUS,Mercedes,48.0,3.0,HARD,17.0,97.52,1,26.3,29.0,False
BOT,Alfa Romeo,48.0,3.0,HARD,19.0,97.5,1,26.3,29.0,False
GAS,Alpine,48.0,4.0,SOFT,8.0,96.368,1,26.3,29.0,False
ALB,Williams,48.0,4.0,SOFT,8.0,97.684,1,26.4,29.0,False
TSU,AlphaTauri,48.0,4.0,SOFT,11.0,97.238,1,26.4,29.0,False
SAR,Williams,48.0,4.0,SOFT,8.0,97.068,1,26.4,29.0,False
ZHO,Alfa Romeo,48.0,3.0,SOFT,19.0,98.596,1,26.4,29.0,False
VER,Red Bull Racing,49.0,3.0,HARD,13.0,96.962,1,26.4,29.0,False
DEV,AlphaTauri,48.0,3.0,HARD,21.0,100.441,1,26.4,29.0,False
MAG,Haas F1 Team,48.0,4.0,SOFT,8.0,97.607,1,26.4,29.0,False
PER,Red Bull Racing,49.0,3.0,HARD,15.0,97.049,1,26.4,29.0,False
HUL,Haas F1 Team,48.0,4.0,SOFT,11.0,97.086,1,26.4,29.0,False
ALO,Aston Martin,49.0,3.0,HARD,15.0,96.726,1,26.4,29.0,False
SAI,Ferrari,49.0,3.0,HARD,18.0,97.765,1,26.3,29.0,False
HAM,Mercedes,49.0,3.0,HARD,19.0,97.954,1,26.3,29.0,False
STR,Aston Martin,49.0,3.0,HARD,19.0,97.551,1,26.3,29.0,False
RUS,Mercedes,49.0,3.0,HARD,18.0,97.718,1,26.3,29.0,False
BOT,Alfa Romeo,49.0,3.0,HARD,20.0,97.85,1,26.3,29.0,False
GAS,Alpine,49.0,4.0,SOFT,9.0,96.803,1,26.3,29.0,False
NOR,McLaren,48.0,6.0,SOFT,5.0,126.905,1,26.3,29.0,False
ALB,Williams,49.0,4.0,SOFT,9.0,97.609,1,26.3,29.0,False
TSU,AlphaTauri,49.0,4.0,SOFT,12.0,97.528,1,26.3,29.0,False
SAR,Williams,49.0,4.0,SOFT,9.0,97.225,1,26.3,29.0,False
ZHO,Alfa Romeo,49.0,3.0,SOFT,20.0,98.628,1,26.3,29.0,False
VER,Red Bull Racing,50.0,3.0,HARD,14.0,97.25,1,26.3,29.0,False
DEV,AlphaTauri,49.0,3.0,HARD,22.0,98.985,1,26.3,29.0,False
MAG,Haas F1 Team,49.0,4.0,SOFT,9.0,97.739,1,26.3,29.0,False
PER,Red Bull Racing,50.0,3.0,HARD,16.0,97.731,1,26.3,29.0,False
HUL,Haas F1 Team,49.0,4.0,SOFT,12.0,97.077,1,26.3,29.0,False
ALO,Aston Martin,50.0,3.0,HARD,16.0,96.331,1,26.3,29.0,False
SAI,Ferrari,50.0,3.0,HARD,19.0,97.604,1,26.3,29.0,False
HAM,Mercedes,50.0,3.0,HARD,20.0,97.77,1,26.3,29.0,False
STR,Aston Martin,50.0,3.0,HARD,20.0,97.388,1,26.3,29.0,False
RUS,Mercedes,50.0,3.0,HARD,19.0,97.383,1,26.3,29.0,False
BOT,Alfa Romeo,50.0,3.0,HARD,21.0,97.71,1,26.3,28.9,False
GAS,Alpine,50.0,4.0,SOFT,10.0,96.551,1,26.3,28.9,False
NOR,McLaren,49.0,6.0,SOFT,6.0,99.08,1,26.3,28.9,False
ALB,Williams,50.0,4.0,SOFT,10.0,97.695,1,26.3,28.9,False
TSU,AlphaTauri,50.0,4.0,SOFT,13.0,97.624,1,26.3,28.9,False
SAR,Williams,50.0,4.0,SOFT,10.0,97.29,1,26.3,28.9,False
VER,Red Bull Racing,51.0,3.0,HARD,15.0,97.427,1,26.3,28.9,False
ZHO,Alfa Romeo,50.0,3.0,SOFT,21.0,99.893,1,26.3,28.9,False
DEV,AlphaTauri,50.0,3.0,HARD,23.0,99.089,1,26.3,28.9,False
MAG,Haas F1 Team,50.0,4.0,SOFT,10.0,98.315,1,26.3,28.9,False
PER,Red Bull Racing,51.0,3.0,HARD,17.0,97.049,1,26.3,28.9,False
HUL,Haas F1 Team,50.0,4.0,SOFT,13.0,97.242,1,26.3,28.9,False
ALO,Aston Martin,51.0,3.0,HARD,17.0,96.96,1,26.3,28.9,False
SAI,Ferrari,51.0,3.0,HARD,20.0,97.672,1,26.3,28.9,False
HAM,Mercedes,51.0,3.0,HARD,21.0,98.014,1,26.3,28.9,False
STR,Aston Martin,51.0,3.0,HARD,21.0,97.866,1,26.3,28.9,False
RUS,Mercedes,51.0,3.0,HARD,20.0,97.825,1,26.3,28.9,False
BOT,Alfa Romeo,51.0,3.0,HARD,22.0,97.816,1,26.3,28.9,False
GAS,Alpine,51.0,4.0,SOFT,11.0,96.635,1,26.3,28.9,False
NOR,McLaren,50.0,6.0,SOFT,7.0,95.257,1,26.3,28.9,False
ALB,Williams,51.0,4.0,SOFT,11.0,97.727,1,26.3,28.9,False
TSU,AlphaTauri,51.0,4.0,SOFT,14.0,97.706,1,26.3,28.9,False
SAR,Williams,51.0,4.0,SOFT,11.0,97.472,1,26.3,28.9,False
VER,Red Bull Racing,52.0,3.0,HARD,16.0,96.919,1,26.3,28.9,False
ZHO,Alfa Romeo,51.0,3.0,SOFT,22.0,98.719,1,26.3,28.9,False
MAG,Haas F1 Team,51.0,4.0,SOFT,11.0,98.157,1,26.3,28.9,False
DEV,AlphaTauri,51.0,3.0,HARD,24.0,100.475,1,26.3,28.9,False
PER,Red Bull Racing,52.0,3.0,HARD,18.0,97.062,1,26.3,28.9,False
HUL,Haas F1 Team,51.0,4.0,SOFT,14.0,97.306,1,26.3,28.9,False
ALO,Aston Martin,52.0,3.0,HARD,18.0,97.01,1,26.3,28.9,False
SAI,Ferrari,52.0,3.0,HARD,21.0,97.49,1,26.3,28.9,False
HAM,Mercedes,52.0,3.0,HARD,22.0,97.803,1,26.3,28.9,False
STR,Aston Martin,52.0,3.0,HARD,22.0,97.579,1,26.3,28.8,False
RUS,Mercedes,52.0,3.0,HARD,21.0,97.589,1,26.3,28.8,False
BOT,Alfa Romeo,52.0,3.0,HARD,23.0,97.947,1,26.3,28.8,False
GAS,Alpine,52.0,4.0,SOFT,12.0,96.891,1,26.3,28.8,False
NOR,McLaren,51.0,6.0,SOFT,8.0,95.822,1,26.3,28.8,True
ALB,Williams,52.0,4.0,SOFT,12.0,97.861,1,26.3,28.8,False
TSU,AlphaTauri,52.0,4.0,SOFT,15.0,97.59,1,26.3,28.8,False
SAR,Williams,52.0,4.0,SOFT,12.0,97.456,1,26.3,28.8,False
VER,Red Bull Racing,53.0,3.0,HARD,17.0,96.89,1,26.3,28.8,False
ZHO,Alfa Romeo,52.0,3.0,SOFT,23.0,98.713,1,26.3,28.8,False
MAG,Haas F1 Team,52.0,4.0,SOFT,12.0,97.963,1,26.3,28.8,False
PER,Red Bull Racing,53.0,3.0,HARD,19.0,97.345,1,26.3,28.8,False
DEV,AlphaTauri,52.0,3.0,HARD,25.0,100.33,1,26.3,28.8,False
HUL,Haas F1 Team,52.0,4.0,SOFT,15.0,97.917,1,26.3,28.8,False
ALO,Aston Martin,53.0,3.0,HARD,19.0,97.01,1,26.3,28.8,False
SAI,Ferrari,53.0,3.0,HARD,22.0,97.66,1,26.3,28.8,False
HAM,Mercedes,53.0,3.0,HARD,23.0,97.988,1,26.3,28.8,False
STR,Aston Martin,53.0,3.0,HARD,23.0,98.379,1,26.3,28.8,False
RUS,Mercedes,53.0,3.0,HARD,22.0,97.841,1,26.3,28.8,False
BOT,Alfa Romeo,53.0,3.0,HARD,24.0,97.856,1,26.3,28.8,False
GAS,Alpine,53.0,4.0,SOFT,13.0,96.979,1,26.2,28.8,False
NOR,McLaren,52.0,6.0,SOFT,9.0,96.152,1,26.2,28.8,False
ALB,Williams,53.0,4.0,SOFT,13.0,97.778,1,26.2,28.8,False
TSU,AlphaTauri,53.0,4.0,SOFT,16.0,97.675,1,26.2,28.8,False
SAR,Williams,53.0,4.0,SOFT,13.0,97.662,1,26.2,28.8,False
VER,Red Bull Racing,54.0,3.0,HARD,18.0,96.678,1,26.2,28.8,False
ZHO,Alfa Romeo,53.0,3.0,SOFT,24.0,98.634,1,26.2,28.8,False
MAG,Haas F1 Team,53.0,4.0,SOFT,13.0,97.982,1,26.2,28.8,False
PER,Red Bull Racing,54.0,3.0,HARD,20.0,97.296,1,26.2,28.8,False
DEV,AlphaTauri,53.0,3.0,HARD,26.0,99.15,1,26.2,28.8,False
HUL,Haas F1 Team,53.0,4.0,SOFT,16.0,98.067,1,26.2,28.8,False
ALO,Aston Martin,54.0,3.0,HARD,20.0,97.599,1,26.3,28.8,False
SAI,Ferrari,54.0,3.0,HARD,23.0,97.694,1,26.3,28.8,False
HAM,Mercedes,54.0,3.0,HARD,24.0,98.076,1,26.3,28.8,False
STR,Aston Martin,54.0,3.0,HARD,24.0,97.597,1,26.3,28.8,False
RUS,Mercedes,54.0,3.0,HARD,23.0,97.923,1,26.3,28.8,False
BOT,Alfa Romeo,54.0,3.0,HARD,25.0,97.738,1,26.3,28.8,False
GAS,Alpine,54.0,4.0,SOFT,14.0,97.222,1,26.3,28.8,False
NOR,McLaren,53.0,6.0,SOFT,10.0,96.5,1,26.3,28.8,False
ALB,Williams,54.0,4.0,SOFT,14.0,97.78,1,26.3,28.8,False
TSU,AlphaTauri,54.0,4.0,SOFT,17.0,97.72,1,26.3,28.8,False
SAR,Williams,54.0,4.0,SOFT,14.0,97.936,1,26.2,28.8,False
VER,Red Bull Racing,55.0,3.0,HARD,19.0,96.322,1,26.2,28.8,False
ZHO,Alfa Romeo,54.0,3.0,SOFT,25.0,101.967,1,26.2,28.8,False
PER,Red Bull Racing,55.0,3.0,HARD,21.0,97.092,1,26.2,28.8,False
MAG,Haas F1 Team,54.0,4.0,SOFT,14.0,99.651,1,26.2,28.8,False
DEV,AlphaTauri,54.0,3.0,HARD,27.0,98.885,1,26.2,28.8,False
HUL,Haas F1 Team,54.0,4.0,SOFT,17.0,98.458,1,26.2,28.8,False
ALO,Aston Martin,55.0,3.0,HARD,21.0,97.662,1,26.2,28.8,False
SAI,Ferrari,55.0,3.0,HARD,24.0,97.821,1,26.2,28.8,False
HAM,Mercedes,55.0,3.0,HARD,25.0,97.955,1,26.2,28.8,False
STR,Aston Martin,55.0,3.0,HARD,25.0,97.701,1,26.2,28.8,False
RUS,Mercedes,55.0,3.0,HARD,24.0,97.86,1,26.2,28.8,False
BOT,Alfa Romeo,55.0,3.0,HARD,26.0,97.807,1,26.3,28.7,False
GAS,Alpine,55.0,4.0,SOFT,15.0,97.559,1,26.3,28.7,False
NOR,McLaren,54.0,6.0,SOFT,11.0,99.789,1,26.3,28.7,False
ALB,Williams,55.0,4.0,SOFT,15.0,97.803,1,26.3,28.7,False
TSU,AlphaTauri,55.0,4.0,SOFT,18.0,97.945,1,26.3,28.7,False
SAR,Williams,55.0,4.0,SOFT,15.0,98.316,1,26.3,28.7,False
VER,Red Bull Racing,56.0,3.0,HARD,20.0,97.205,1,26.3,28.7,False
PER,Red Bull Racing,56.0,3.0,HARD,22.0,96.565,1,26.3,28.7,False
MAG,Haas F1 Team,55.0,4.0,SOFT,15.0,98.446,1,26.3,28.7,False
DEV,AlphaTauri,55.0,3.0,HARD,28.0,99.239,1,26.3,28.7,False
HUL,Haas F1 Team,55.0,4.0,SOFT,18.0,98.564,1,26.3,28.7,False
ALO,Aston Martin,56.0,3.0,HARD,22.0,97.473,1,26.3,28.7,False
ZHO,Alfa Romeo,55.0,4.0,SOFT,4.0,127.673,1,26.3,28.7,False
SAI,Ferrari,56.0,3.0,HARD,25.0,98.126,1,26.3,28.7,False
HAM,Mercedes,56.0,3.0,HARD,26.0,98.111,1,26.3,28.7,False
STR,Aston Martin,56.0,3.0,HARD,26.0,98.11,1,26.3,28.7,False
RUS,Mercedes,56.0,3.0,HARD,25.0,97.636,1,26.3,28.7,False
BOT,Alfa Romeo,56.0,3.0,HARD,27.0,98.16,1,26.3,28.7,False
GAS,Alpine,56.0,4.0,SOFT,16.0,97.845,1,26.3,28.7,False
ALB,Williams,56.0,4.0,SOFT,16.0,98.159,1,26.3,28.7,False
TSU,AlphaTauri,56.0,4.0,SOFT,19.0,98.102,1,26.3,28.7,False
VER,Red Bull Racing,57.0,3.0,HARD,21.0,96.373,1,26.3,28.7,False
SAR,Williams,56.0,4.0,SOFT,16.0,99.626,1,26.3,28.7,False
NOR,McLaren,55.0,7.0,SOFT,7.0,124.847,1,26.3,28.7,False
PER,Red Bull Racing,57.0,3.0,HARD,23.0,96.558,1,26.3,28.7,False
MAG,Haas F1 Team,56.0,4.0,SOFT,16.0,98.779,1,26.3,28.7,False
DEV,AlphaTauri,56.0,3.0,HARD,29.0,99.161,1,26.3,28.7,False
HUL,Haas F1 Team,56.0,4.0,SOFT,19.0,99.206,1,26.3,28.7,False
ALO,Aston Martin,57.0,3.0,HARD,23.0,97.422,1,26.3,28.7,False
ZHO,Alfa Romeo,56.0,4.0,SOFT,5.0,93.996,1,26.3,28.7,True
SAI,Ferrari,57.0,3.0,HARD,26.0,98.021,1,26.3,28.7,False
HAM,Mercedes,57.0,3.0,HARD,27.0,98.255,1,26.3,28.7,False
STR,Aston Martin,57.0,3.0,HARD,27.0,97.991,1,26.3,28.7,False
RUS,Mercedes,57.0,3.0,HARD,26.0,97.767,1,26.3,28.7,False
BOT,Alfa Romeo,57.0,3.0,HARD,28.0,98.407,1,26.3,28.7,False
GAS,Alpine,57.0,4.0,SOFT,17.0,98.147,1,26.3,28.7,False
ALB,Williams,57.0,4.0,SOFT,17.0,98.137,1,26.3,28.7,False
TSU,AlphaTauri,57.0,4.0,SOFT,20.0,98.246,1,26.3,28.7,False
